output,fattore,mu,mu_star,sigma,n_ee,scala,mu_star_n,sigma_n,distanza,soglia,selezionato
E[Battery-electric]@10nmi_200kt_propeller,e_battery_Wh_per_kg,-3.8903923601148196,3.8903923601148196,10.885056415041642,18,3.8903923601148196,1.0,2.7979328066335154,2.9712670681774975,0.2971267068177498,True
E[Battery-electric]@10nmi_200kt_propeller,eta_motor,-0.6097866753568898,0.6097866753568898,0.5609981343073419,19,3.8903923601148196,0.1567416905319269,0.14420091404117008,0.21298324150297665,0.2971267068177498,False
E[Battery-electric]@10nmi_200kt_propeller,eta_p_propeller,-0.48541988659070884,0.48541988659070884,0.38263501005997985,19,3.8903923601148196,0.12477401805723841,0.09835383545959023,0.15887741353559418,0.2971267068177498,False
E[Battery-electric]@10nmi_200kt_propeller,calibration_block,0.27427598682768745,0.3344421421058653,0.36795866619585693,20,3.8903923601148196,0.08596617285563318,0.09458137692440799,0.12781165727883173,0.2971267068177498,False
E[Battery-electric]@10nmi_200kt_propeller,electricity,-0.12378284483873268,0.12378284483873268,0.06041947167369013,19,3.8903923601148196,0.03181757349407282,0.01553043140150186,0.035405540280688846,0.2971267068177498,False
E[Battery-electric]@10nmi_200kt_propeller,fuel_cell_specific_power_kW_per_kg,0.0,0.0,0.0,17,3.8903923601148196,0.0,0.0,0.0,0.2971267068177498,False
E[Battery-electric]@10nmi_200kt_propeller,eta_fuel_cell,0.0,0.0,0.0,19,3.8903923601148196,0.0,0.0,0.0,0.2971267068177498,False
E[Battery-electric]@10nmi_200kt_propeller,gamma_tank,0.0,0.0,0.0,20,3.8903923601148196,0.0,0.0,0.0,0.2971267068177498,False
E[Battery-electric]@10nmi_200kt_propeller,liquid_hydrogen,0.0,0.0,0.0,18,3.8903923601148196,0.0,0.0,0.0,0.2971267068177498,False
E[Battery-electric]@10nmi_200kt_propeller,e_saf,0.0,0.0,0.0,18,3.8903923601148196,0.0,0.0,0.0,0.2971267068177498,False
E[Battery-electric]@10nmi_200kt_propeller,eta_p_fan,0.0,0.0,0.0,19,3.8903923601148196,0.0,0.0,0.0,0.2971267068177498,False
E[Battery-electric]@10nmi_200kt_propeller,oew_fan_b,0.0,0.0,0.0,19,3.8903923601148196,0.0,0.0,0.0,0.2971267068177498,False
E[Battery-electric]@10nmi_200kt_propeller,oew_fan_r_pivot,0.0,0.0,0.0,18,3.8903923601148196,0.0,0.0,0.0,0.2971267068177498,False
E[Battery-electric]@10nmi_200kt_propeller,oew_prop_b,0.0,0.0,0.0,19,3.8903923601148196,0.0,0.0,0.0,0.2971267068177498,False
E[Battery-electric]@10nmi_200kt_propeller,oew_prop_r_pivot,0.0,0.0,0.0,18,3.8903923601148196,0.0,0.0,0.0,0.2971267068177498,False
E[Battery-electric]@10nmi_250kt_propeller,eta_motor,-3.8842117304539383,3.8842117304539383,10.812819711966865,19,3.8842117304539383,1.0,2.7837874097309308,2.957950699821829,0.2957950699821829,True
E[Battery-electric]@10nmi_250kt_propeller,e_battery_Wh_per_kg,-3.094813413859085,3.094813413859085,2.3499251004876522,16,3.8842117304539383,0.7967674340701818,0.6049940795099299,1.0004279985270548,0.2957950699821829,True
E[Battery-electric]@10nmi_250kt_propeller,eta_p_propeller,-1.2100168982807926,1.2100168982807926,1.2056533972241565,18,3.8842117304539383,0.31152186910762997,0.3103984748749149,0.43976481002575063,0.2957950699821829,True
E[Battery-electric]@10nmi_250kt_propeller,calibration_block,0.5521443655448752,0.6708214043930353,1.2388061693172423,20,3.8842117304539383,0.17270464406806116,0.31893373875694103,0.362692188777421,0.2957950699821829,True
E[Battery-electric]@10nmi_250kt_propeller,electricity,-0.18164687045152247,0.18164687045152247,0.09330182438836802,18,3.8842117304539383,0.04676543995460666,0.024020787450086834,0.052573801497230246,0.2957950699821829,False
E[Battery-electric]@10nmi_250kt_propeller,fuel_cell_specific_power_kW_per_kg,0.0,0.0,0.0,17,3.8842117304539383,0.0,0.0,0.0,0.2957950699821829,False
E[Battery-electric]@10nmi_250kt_propeller,eta_fuel_cell,0.0,0.0,0.0,17,3.8842117304539383,0.0,0.0,0.0,0.2957950699821829,False
E[Battery-electric]@10nmi_250kt_propeller,gamma_tank,0.0,0.0,0.0,19,3.8842117304539383,0.0,0.0,0.0,0.2957950699821829,False
E[Battery-electric]@10nmi_250kt_propeller,liquid_hydrogen,0.0,0.0,0.0,18,3.8842117304539383,0.0,0.0,0.0,0.2957950699821829,False
E[Battery-electric]@10nmi_250kt_propeller,e_saf,0.0,0.0,0.0,18,3.8842117304539383,0.0,0.0,0.0,0.2957950699821829,False
E[Battery-electric]@10nmi_250kt_propeller,eta_p_fan,0.0,0.0,0.0,19,3.8842117304539383,0.0,0.0,0.0,0.2957950699821829,False
E[Battery-electric]@10nmi_250kt_propeller,oew_fan_b,0.0,0.0,0.0,17,3.8842117304539383,0.0,0.0,0.0,0.2957950699821829,False
E[Battery-electric]@10nmi_250kt_propeller,oew_fan_r_pivot,0.0,0.0,0.0,17,3.8842117304539383,0.0,0.0,0.0,0.2957950699821829,False
E[Battery-electric]@10nmi_250kt_propeller,oew_prop_b,0.0,0.0,0.0,17,3.8842117304539383,0.0,0.0,0.0,0.2957950699821829,False
E[Battery-electric]@10nmi_250kt_propeller,oew_prop_r_pivot,0.0,0.0,0.0,17,3.8842117304539383,0.0,0.0,0.0,0.2957950699821829,False
E[Battery-electric]@20nmi_250kt_propeller,e_battery_Wh_per_kg,-15.40110714018917,15.40110714018917,37.236516943179026,15,15.40110714018917,1.0,2.417781825957848,2.6164229317776715,0.26164229317776716,True
E[Battery-electric]@20nmi_250kt_propeller,eta_motor,-9.632215476109746,9.632215476109746,27.700990350670512,17,15.40110714018917,0.625423574320478,1.798636299229736,1.90427077492216,0.26164229317776716,True
E[Battery-electric]@20nmi_250kt_propeller,eta_p_propeller,-5.823652818184439,5.823652818184439,11.72538974875459,17,15.40110714018917,0.3781320891527093,0.7613342107176958,0.8500668545803496,0.26164229317776716,True
E[Battery-electric]@20nmi_250kt_propeller,calibration_block,1.6797312836290916,1.8397862214708074,4.850360867099621,18,15.40110714018917,0.1194580496534491,0.31493585642571176,0.33683054981637645,0.26164229317776716,True
E[Battery-electric]@20nmi_250kt_propeller,electricity,-0.39893479765964207,0.39893479765964207,0.5840686185070826,17,15.40110714018917,0.025902994767085425,0.03792380724259467,0.045925812934308856,0.26164229317776716,False
E[Battery-electric]@20nmi_250kt_propeller,fuel_cell_specific_power_kW_per_kg,0.0,0.0,0.0,17,15.40110714018917,0.0,0.0,0.0,0.26164229317776716,False
E[Battery-electric]@20nmi_250kt_propeller,eta_fuel_cell,0.0,0.0,0.0,16,15.40110714018917,0.0,0.0,0.0,0.26164229317776716,False
E[Battery-electric]@20nmi_250kt_propeller,gamma_tank,0.0,0.0,0.0,18,15.40110714018917,0.0,0.0,0.0,0.26164229317776716,False
E[Battery-electric]@20nmi_250kt_propeller,liquid_hydrogen,0.0,0.0,0.0,17,15.40110714018917,0.0,0.0,0.0,0.26164229317776716,False
E[Battery-electric]@20nmi_250kt_propeller,e_saf,0.0,0.0,0.0,17,15.40110714018917,0.0,0.0,0.0,0.26164229317776716,False
E[Battery-electric]@20nmi_250kt_propeller,eta_p_fan,0.0,0.0,0.0,19,15.40110714018917,0.0,0.0,0.0,0.26164229317776716,False
E[Battery-electric]@20nmi_250kt_propeller,oew_fan_b,0.0,0.0,0.0,17,15.40110714018917,0.0,0.0,0.0,0.26164229317776716,False
E[Battery-electric]@20nmi_250kt_propeller,oew_fan_r_pivot,0.0,0.0,0.0,17,15.40110714018917,0.0,0.0,0.0,0.26164229317776716,False
E[Battery-electric]@20nmi_250kt_propeller,oew_prop_b,0.0,0.0,0.0,17,15.40110714018917,0.0,0.0,0.0,0.26164229317776716,False
E[Battery-electric]@20nmi_250kt_propeller,oew_prop_r_pivot,0.0,0.0,0.0,16,15.40110714018917,0.0,0.0,0.0,0.26164229317776716,False
E[Battery-electric]@5nmi_300kt_fan,e_battery_Wh_per_kg,-21.153195863342066,21.153195863342066,23.369475397030467,12,21.153195863342066,1.0,1.1047727987773779,1.4901419183817362,0.14901419183817363,True
E[Battery-electric]@5nmi_300kt_fan,eta_p_fan,-13.065230581085537,13.065230581085537,20.50566557402248,18,21.153195863342066,0.6176480691377343,0.9693885362049836,1.1494360667019337,0.14901419183817363,True
E[Battery-electric]@5nmi_300kt_fan,eta_motor,-8.440402603448492,8.440402603448492,16.51458506119679,16,21.153195863342066,0.39901311640930287,0.7807134755375726,0.8767696379053166,0.14901419183817363,True
E[Battery-electric]@5nmi_300kt_fan,calibration_block,0.7810318227302726,1.4294896950928673,2.7552710738123176,18,21.153195863342066,0.06757795390956198,0.13025318214857218,0.14674014895192114,0.14901419183817363,False
E[Battery-electric]@5nmi_300kt_fan,electricity,-0.686738535055391,0.686738535055391,0.8186544858075648,17,21.153195863342066,0.03246500148213967,0.038701219952596934,0.050514955677052886,0.14901419183817363,False
E[Battery-electric]@5nmi_300kt_fan,fuel_cell_specific_power_kW_per_kg,0.0,0.0,0.0,15,21.153195863342066,0.0,0.0,0.0,0.14901419183817363,False
E[Battery-electric]@5nmi_300kt_fan,eta_fuel_cell,0.0,0.0,0.0,15,21.153195863342066,0.0,0.0,0.0,0.14901419183817363,False
E[Battery-electric]@5nmi_300kt_fan,gamma_tank,0.0,0.0,0.0,18,21.153195863342066,0.0,0.0,0.0,0.14901419183817363,False
E[Battery-electric]@5nmi_300kt_fan,liquid_hydrogen,0.0,0.0,0.0,17,21.153195863342066,0.0,0.0,0.0,0.14901419183817363,False
E[Battery-electric]@5nmi_300kt_fan,e_saf,0.0,0.0,0.0,17,21.153195863342066,0.0,0.0,0.0,0.14901419183817363,False
E[Battery-electric]@5nmi_300kt_fan,eta_p_propeller,0.0,0.0,0.0,17,21.153195863342066,0.0,0.0,0.0,0.14901419183817363,False
E[Battery-electric]@5nmi_300kt_fan,oew_fan_b,0.0,0.0,0.0,16,21.153195863342066,0.0,0.0,0.0,0.14901419183817363,False
E[Battery-electric]@5nmi_300kt_fan,oew_fan_r_pivot,0.0,0.0,0.0,17,21.153195863342066,0.0,0.0,0.0,0.14901419183817363,False
E[Battery-electric]@5nmi_300kt_fan,oew_prop_b,0.0,0.0,0.0,16,21.153195863342066,0.0,0.0,0.0,0.14901419183817363,False
E[Battery-electric]@5nmi_300kt_fan,oew_prop_r_pivot,0.0,0.0,0.0,15,21.153195863342066,0.0,0.0,0.0,0.14901419183817363,False
E[Hydrogen combustion]@100nmi_350kt_fan,oew_fan_b,1.5065550172336546,1.5065550172336546,0.375975930571131,20,1.5065550172336546,1.0,0.24956004013812935,1.0306697888430343,0.10306697888430344,True
E[Hydrogen combustion]@100nmi_350kt_fan,oew_fan_r_pivot,0.7364724246455974,0.7364724246455974,0.3765122141720006,20,1.5065550172336546,0.48884535660563694,0.24991600695960947,0.5490244012878918,0.10306697888430344,True
E[Hydrogen combustion]@100nmi_350kt_fan,liquid_hydrogen,-0.49186639212613315,0.49186639212613315,0.15719292662735024,20,1.5065550172336546,0.3264841884296407,0.10433932038936676,0.34275154131509905,0.10306697888430344,True
E[Hydrogen combustion]@100nmi_350kt_fan,gamma_tank,-0.16322352110295016,0.16322352110295016,0.05373194653603741,20,1.5065550172336546,0.10834222397178842,0.035665439311138025,0.11406165462770403,0.10306697888430344,True
E[Hydrogen combustion]@100nmi_350kt_fan,calibration_block,-0.0059167490573195205,0.0953926418317736,0.112319388355633,20,1.5065550172336546,0.06331839245202883,0.07455379131249687,0.09781352985030484,0.10306697888430344,False
E[Hydrogen combustion]@100nmi_350kt_fan,e_battery_Wh_per_kg,0.0,0.0,0.0,20,1.5065550172336546,0.0,0.0,0.0,0.10306697888430344,False
E[Hydrogen combustion]@100nmi_350kt_fan,fuel_cell_specific_power_kW_per_kg,0.0,0.0,0.0,20,1.5065550172336546,0.0,0.0,0.0,0.10306697888430344,False
E[Hydrogen combustion]@100nmi_350kt_fan,eta_fuel_cell,0.0,0.0,0.0,20,1.5065550172336546,0.0,0.0,0.0,0.10306697888430344,False
E[Hydrogen combustion]@100nmi_350kt_fan,electricity,0.0,0.0,0.0,20,1.5065550172336546,0.0,0.0,0.0,0.10306697888430344,False
E[Hydrogen combustion]@100nmi_350kt_fan,e_saf,0.0,0.0,0.0,20,1.5065550172336546,0.0,0.0,0.0,0.10306697888430344,False
E[Hydrogen combustion]@100nmi_350kt_fan,eta_motor,0.0,0.0,0.0,20,1.5065550172336546,0.0,0.0,0.0,0.10306697888430344,False
E[Hydrogen combustion]@100nmi_350kt_fan,eta_p_propeller,0.0,0.0,0.0,20,1.5065550172336546,0.0,0.0,0.0,0.10306697888430344,False
E[Hydrogen combustion]@100nmi_350kt_fan,eta_p_fan,0.0,0.0,0.0,20,1.5065550172336546,0.0,0.0,0.0,0.10306697888430344,False
E[Hydrogen combustion]@100nmi_350kt_fan,oew_prop_b,0.0,0.0,0.0,20,1.5065550172336546,0.0,0.0,0.0,0.10306697888430344,False
E[Hydrogen combustion]@100nmi_350kt_fan,oew_prop_r_pivot,0.0,0.0,0.0,20,1.5065550172336546,0.0,0.0,0.0,0.10306697888430344,False
E[Hydrogen combustion]@100nmi_450kt_fan,oew_fan_b,1.3498701729021803,1.3498701729021803,0.3354272857242832,20,1.3498701729021803,1.0,0.2484885527940251,1.0304108699298882,0.10304108699298882,True
E[Hydrogen combustion]@100nmi_450kt_fan,oew_fan_r_pivot,0.6587567431878762,0.6587567431878762,0.33710449959241634,20,1.3498701729021803,0.4880148894404927,0.24973105292611347,0.5482008127604351,0.10304108699298882,True
E[Hydrogen combustion]@100nmi_450kt_fan,liquid_hydrogen,-0.43499028244692567,0.43499028244692567,0.13943483087214148,20,1.3498701729021803,0.3222460138605105,0.10329499360102223,0.33839673336488274,0.10304108699298882,True
E[Hydrogen combustion]@100nmi_450kt_fan,gamma_tank,-0.14739171535869555,0.14739171535869555,0.048877589404595,20,1.3498701729021803,0.10918954897848272,0.03620910394627778,0.11503676288350967,0.10304108699298882,True
E[Hydrogen combustion]@100nmi_450kt_fan,calibration_block,-0.05594690777666338,0.07548892587669767,0.07993416190139131,20,1.3498701729021803,0.055923100896731984,0.059216185012470696,0.08144906249514001,0.10304108699298882,False
E[Hydrogen combustion]@100nmi_450kt_fan,e_battery_Wh_per_kg,0.0,0.0,0.0,20,1.3498701729021803,0.0,0.0,0.0,0.10304108699298882,False
E[Hydrogen combustion]@100nmi_450kt_fan,fuel_cell_specific_power_kW_per_kg,0.0,0.0,0.0,20,1.3498701729021803,0.0,0.0,0.0,0.10304108699298882,False
E[Hydrogen combustion]@100nmi_450kt_fan,eta_fuel_cell,0.0,0.0,0.0,20,1.3498701729021803,0.0,0.0,0.0,0.10304108699298882,False
E[Hydrogen combustion]@100nmi_450kt_fan,electricity,0.0,0.0,0.0,20,1.3498701729021803,0.0,0.0,0.0,0.10304108699298882,False
E[Hydrogen combustion]@100nmi_450kt_fan,e_saf,0.0,0.0,0.0,20,1.3498701729021803,0.0,0.0,0.0,0.10304108699298882,False
E[Hydrogen combustion]@100nmi_450kt_fan,eta_motor,0.0,0.0,0.0,20,1.3498701729021803,0.0,0.0,0.0,0.10304108699298882,False
E[Hydrogen combustion]@100nmi_450kt_fan,eta_p_propeller,0.0,0.0,0.0,20,1.3498701729021803,0.0,0.0,0.0,0.10304108699298882,False
E[Hydrogen combustion]@100nmi_450kt_fan,eta_p_fan,0.0,0.0,0.0,20,1.3498701729021803,0.0,0.0,0.0,0.10304108699298882,False
E[Hydrogen combustion]@100nmi_450kt_fan,oew_prop_b,0.0,0.0,0.0,20,1.3498701729021803,0.0,0.0,0.0,0.10304108699298882,False
E[Hydrogen combustion]@100nmi_450kt_fan,oew_prop_r_pivot,0.0,0.0,0.0,20,1.3498701729021803,0.0,0.0,0.0,0.10304108699298882,False
E[Hydrogen combustion]@1500nmi_250kt_propeller,oew_fan_r_pivot,0.5040041736687706,0.5040041736687706,0.3182927735419403,20,0.5040041736687706,1.0,0.631528051097293,1.1827204569646816,0.11827204569646817,True
E[Hydrogen combustion]@1500nmi_250kt_propeller,oew_fan_b,0.5027093636534995,0.5027093636534995,0.14668558879035562,20,0.5040041736687706,0.9974309537838827,0.29104042476988845,1.0390250412845992,0.11827204569646817,True
E[Hydrogen combustion]@1500nmi_250kt_propeller,eta_p_propeller,-0.44567477396103483,0.44567477396103483,0.1371767461793688,20,0.5040041736687706,0.8842680224587394,0.27217382979356197,0.9252072898370313,0.11827204569646817,True
E[Hydrogen combustion]@1500nmi_250kt_propeller,liquid_hydrogen,-0.3683400282577768,0.3683400282577768,0.12054256397106346,20,0.5040041736687706,0.7308273373542503,0.2391697733247017,0.7689673448830532,0.11827204569646817,True
E[Hydrogen combustion]@1500nmi_250kt_propeller,gamma_tank,-0.3541381381674038,0.3541381381674038,0.08527082066316609,20,0.5040041736687706,0.7026492173458506,0.16918673518605762,0.7227309831463251,0.11827204569646817,True
E[Hydrogen combustion]@1500nmi_250kt_propeller,calibration_block,0.16306142039447263,0.2002272569203237,0.15297875419078755,20,0.5040041736687706,0.3972730135602254,0.3035267606560031,0.49995433965268227,0.11827204569646817,True
E[Hydrogen combustion]@1500nmi_250kt_propeller,oew_prop_b,-0.11704287167819553,0.11704287167819553,0.09223037599588177,20,0.5040041736687706,0.23222599691231052,0.18299526236958344,0.2956622730272314,0.11827204569646817,True
E[Hydrogen combustion]@1500nmi_250kt_propeller,oew_prop_r_pivot,0.08202103367324846,0.08202103367324846,0.09451417847771676,20,0.5040041736687706,0.16273879852263354,0.18752657897597308,0.24829445093884434,0.11827204569646817,True
E[Hydrogen combustion]@1500nmi_250kt_propeller,e_battery_Wh_per_kg,0.0,0.0,0.0,20,0.5040041736687706,0.0,0.0,0.0,0.11827204569646817,False
E[Hydrogen combustion]@1500nmi_250kt_propeller,fuel_cell_specific_power_kW_per_kg,0.0,0.0,0.0,20,0.5040041736687706,0.0,0.0,0.0,0.11827204569646817,False
E[Hydrogen combustion]@1500nmi_250kt_propeller,eta_fuel_cell,0.0,0.0,0.0,20,0.5040041736687706,0.0,0.0,0.0,0.11827204569646817,False
E[Hydrogen combustion]@1500nmi_250kt_propeller,electricity,0.0,0.0,0.0,20,0.5040041736687706,0.0,0.0,0.0,0.11827204569646817,False
E[Hydrogen combustion]@1500nmi_250kt_propeller,e_saf,0.0,0.0,0.0,20,0.5040041736687706,0.0,0.0,0.0,0.11827204569646817,False
E[Hydrogen combustion]@1500nmi_250kt_propeller,eta_motor,0.0,0.0,0.0,20,0.5040041736687706,0.0,0.0,0.0,0.11827204569646817,False
E[Hydrogen combustion]@1500nmi_250kt_propeller,eta_p_fan,0.0,0.0,0.0,20,0.5040041736687706,0.0,0.0,0.0,0.11827204569646817,False
E[Hydrogen combustion]@1500nmi_450kt_fan,oew_fan_b,0.4283457414037078,0.4283457414037078,0.08266479258137907,20,0.4283457414037078,1.0,0.19298614318070006,1.0184515950499373,0.10184515950499373,True
E[Hydrogen combustion]@1500nmi_450kt_fan,oew_fan_r_pivot,0.3806324395848199,0.3806324395848199,0.17516413185570617,20,0.4283457414037078,0.8886103042310417,0.4089316524583287,0.9781888208152267,0.10184515950499373,True
E[Hydrogen combustion]@1500nmi_450kt_fan,liquid_hydrogen,-0.23793709282926404,0.23793709282926404,0.07621393696907132,20,0.4283457414037078,0.555479067095505,0.17792621614333062,0.5832792919111528,0.10184515950499373,True
E[Hydrogen combustion]@1500nmi_450kt_fan,gamma_tank,-0.17310680057319494,0.17310680057319494,0.046653728352072,20,0.4283457414037078,0.40412868353941456,0.10891605505213076,0.4185483244589793,0.10184515950499373,True
E[Hydrogen combustion]@1500nmi_450kt_fan,calibration_block,-0.038166355939477856,0.04168479894438044,0.04582156543843124,20,0.4283457414037078,0.09731577768878365,0.10697331853533072,0.14461552982177983,0.10184515950499373,True
E[Hydrogen combustion]@1500nmi_450kt_fan,e_battery_Wh_per_kg,0.0,0.0,0.0,20,0.4283457414037078,0.0,0.0,0.0,0.10184515950499373,False
E[Hydrogen combustion]@1500nmi_450kt_fan,fuel_cell_specific_power_kW_per_kg,0.0,0.0,0.0,20,0.4283457414037078,0.0,0.0,0.0,0.10184515950499373,False
E[Hydrogen combustion]@1500nmi_450kt_fan,eta_fuel_cell,0.0,0.0,0.0,20,0.4283457414037078,0.0,0.0,0.0,0.10184515950499373,False
E[Hydrogen combustion]@1500nmi_450kt_fan,electricity,0.0,0.0,0.0,20,0.4283457414037078,0.0,0.0,0.0,0.10184515950499373,False
E[Hydrogen combustion]@1500nmi_450kt_fan,e_saf,0.0,0.0,0.0,20,0.4283457414037078,0.0,0.0,0.0,0.10184515950499373,False
E[Hydrogen combustion]@1500nmi_450kt_fan,eta_motor,0.0,0.0,0.0,20,0.4283457414037078,0.0,0.0,0.0,0.10184515950499373,False
E[Hydrogen combustion]@1500nmi_450kt_fan,eta_p_propeller,0.0,0.0,0.0,20,0.4283457414037078,0.0,0.0,0.0,0.10184515950499373,False
E[Hydrogen combustion]@1500nmi_450kt_fan,eta_p_fan,0.0,0.0,0.0,20,0.4283457414037078,0.0,0.0,0.0,0.10184515950499373,False
E[Hydrogen combustion]@1500nmi_450kt_fan,oew_prop_b,0.0,0.0,0.0,20,0.4283457414037078,0.0,0.0,0.0,0.10184515950499373,False
E[Hydrogen combustion]@1500nmi_450kt_fan,oew_prop_r_pivot,0.0,0.0,0.0,20,0.4283457414037078,0.0,0.0,0.0,0.10184515950499373,False
E[Hydrogen combustion]@6000nmi_450kt_fan,oew_fan_b,-0.78553036116492,0.78553036116492,0.35093774976610115,20,0.78553036116492,1.0,0.44675262359773094,1.0952570048584287,0.10952570048584287,True
E[Hydrogen combustion]@6000nmi_450kt_fan,oew_fan_r_pivot,0.4552093911659423,0.4552093911659423,0.24840200083436326,20,0.78553036116492,0.5794930580288191,0.3162220241442863,0.6601579908306056,0.10952570048584287,True
E[Hydrogen combustion]@6000nmi_450kt_fan,gamma_tank,-0.4487459947506835,0.4487459947506835,0.19763653372796097,20,0.78553036116492,0.5712649910631149,0.2515963016819253,0.6242150182704379,0.10952570048584287,True
E[Hydrogen combustion]@6000nmi_450kt_fan,liquid_hydrogen,-0.23763151191038606,0.23763151191038606,0.08616462605707724,20,0.78553036116492,0.3025109195753873,0.10968974633812684,0.32178361815678097,0.10952570048584287,True
E[Hydrogen combustion]@6000nmi_450kt_fan,calibration_block,-0.03447227912475383,0.043944158901335274,0.05195415538966756,20,0.78553036116492,0.05594202474385241,0.06613895268493629,0.0866248878481354,0.10952570048584287,False
E[Hydrogen combustion]@6000nmi_450kt_fan,e_battery_Wh_per_kg,0.0,0.0,0.0,20,0.78553036116492,0.0,0.0,0.0,0.10952570048584287,False
E[Hydrogen combustion]@6000nmi_450kt_fan,fuel_cell_specific_power_kW_per_kg,0.0,0.0,0.0,20,0.78553036116492,0.0,0.0,0.0,0.10952570048584287,False
E[Hydrogen combustion]@6000nmi_450kt_fan,eta_fuel_cell,0.0,0.0,0.0,20,0.78553036116492,0.0,0.0,0.0,0.10952570048584287,False
E[Hydrogen combustion]@6000nmi_450kt_fan,electricity,0.0,0.0,0.0,20,0.78553036116492,0.0,0.0,0.0,0.10952570048584287,False
E[Hydrogen combustion]@6000nmi_450kt_fan,e_saf,0.0,0.0,0.0,20,0.78553036116492,0.0,0.0,0.0,0.10952570048584287,False
E[Hydrogen combustion]@6000nmi_450kt_fan,eta_motor,0.0,0.0,0.0,20,0.78553036116492,0.0,0.0,0.0,0.10952570048584287,False
E[Hydrogen combustion]@6000nmi_450kt_fan,eta_p_propeller,0.0,0.0,0.0,20,0.78553036116492,0.0,0.0,0.0,0.10952570048584287,False
E[Hydrogen combustion]@6000nmi_450kt_fan,eta_p_fan,0.0,0.0,0.0,20,0.78553036116492,0.0,0.0,0.0,0.10952570048584287,False
E[Hydrogen combustion]@6000nmi_450kt_fan,oew_prop_b,0.0,0.0,0.0,20,0.78553036116492,0.0,0.0,0.0,0.10952570048584287,False
E[Hydrogen combustion]@6000nmi_450kt_fan,oew_prop_r_pivot,0.0,0.0,0.0,20,0.78553036116492,0.0,0.0,0.0,0.10952570048584287,False
E[Hydrogen fuel cell]@100nmi_200kt_propeller,eta_fuel_cell,-2.129880000750698,2.129880000750698,0.36562589290533737,20,2.129880000750698,1.0,0.17166501999007866,1.0146274582762849,0.10146274582762849,True
E[Hydrogen fuel cell]@100nmi_200kt_propeller,fuel_cell_specific_power_kW_per_kg,-1.790485139247315,1.790485139247315,1.0418858614600672,20,2.129880000750698,0.8406507120665202,0.48917585079574616,0.97261844147625,0.10146274582762849,True
E[Hydrogen fuel cell]@100nmi_200kt_propeller,oew_fan_b,1.334310337021074,1.334310337021074,0.9132778748811652,20,2.129880000750698,0.6264720719246073,0.42879311255059954,0.7591645343878635,0.10146274582762849,True
E[Hydrogen fuel cell]@100nmi_200kt_propeller,eta_motor,-1.2812549553311303,1.2812549553311303,0.44386943393521344,20,2.129880000750698,0.6015620386498483,0.20840114643959617,0.6366379851861649,0.10146274582762849,True
E[Hydrogen fuel cell]@100nmi_200kt_propeller,oew_fan_r_pivot,0.7769646371891359,0.7769646371891359,0.5716411440686494,20,2.129880000750698,0.36479268170755474,0.2683912445147936,0.4528880223185297,0.10146274582762849,True
E[Hydrogen fuel cell]@100nmi_200kt_propeller,eta_p_propeller,-0.6364353682207585,0.6364353682207585,0.30120439854877457,20,2.129880000750698,0.29881278193909533,0.14141848293923223,0.33058775834415777,0.10146274582762849,True
E[Hydrogen fuel cell]@100nmi_200kt_propeller,oew_prop_r_pivot,0.5036275582236067,0.5036275582236067,0.34782842983788226,20,2.129880000750698,0.23645818452030068,0.16330893276395222,0.28737132867970255,0.10146274582762849,True
E[Hydrogen fuel cell]@100nmi_200kt_propeller,liquid_hydrogen,-0.5630266753701759,0.5630266753701759,0.23251841864602135,20,2.129880000750698,0.2643466651509622,0.10916972719780825,0.2860020781618183,0.10146274582762849,True
E[Hydrogen fuel cell]@100nmi_200kt_propeller,calibration_block,0.32629281510157043,0.414918629673475,0.3217806978561881,20,2.129880000750698,0.1948084537754393,0.15107926162167504,0.2465264224267411,0.10146274582762849,True
E[Hydrogen fuel cell]@100nmi_200kt_propeller,gamma_tank,-0.2740338867959361,0.2740338867959361,0.12315553796122565,20,2.129880000750698,0.12866165544507205,0.057822758990092496,0.14105776490180455,0.10146274582762849,True
E[Hydrogen fuel cell]@100nmi_200kt_propeller,oew_prop_b,0.2449948660737578,0.24724665813023256,0.14020234955017039,20,2.129880000750698,0.11608478320050328,0.0658264078261473,0.13344958920132394,0.10146274582762849,True
E[Hydrogen fuel cell]@100nmi_200kt_propeller,e_battery_Wh_per_kg,0.0,0.0,0.0,20,2.129880000750698,0.0,0.0,0.0,0.10146274582762849,False
E[Hydrogen fuel cell]@100nmi_200kt_propeller,electricity,0.0,0.0,0.0,20,2.129880000750698,0.0,0.0,0.0,0.10146274582762849,False
E[Hydrogen fuel cell]@100nmi_200kt_propeller,e_saf,0.0,0.0,0.0,20,2.129880000750698,0.0,0.0,0.0,0.10146274582762849,False
E[Hydrogen fuel cell]@100nmi_200kt_propeller,eta_p_fan,0.0,0.0,0.0,20,2.129880000750698,0.0,0.0,0.0,0.10146274582762849,False
E[Hydrogen fuel cell]@100nmi_300kt_propeller,fuel_cell_specific_power_kW_per_kg,-5.953684626414828,5.953684626414828,5.236413356662784,20,5.953684626414828,1.0,0.8795248128243621,1.3317521903018328,0.13317521903018328,True
E[Hydrogen fuel cell]@100nmi_300kt_propeller,calibration_block,4.726150997353654,4.782793115808225,5.898219051730407,20,5.953684626414828,0.8033332996155547,0.990683823856182,1.2754602420779415,0.13317521903018328,True
E[Hydrogen fuel cell]@100nmi_300kt_propeller,eta_fuel_cell,-4.179033091045262,4.179033091045262,1.4546028939806483,20,5.953684626414828,0.7019238258781906,0.24431977594630783,0.7432289083814828,0.13317521903018328,True
E[Hydrogen fuel cell]@100nmi_300kt_propeller,eta_motor,-3.07300255173325,3.07300255173325,1.5102763231626073,20,5.953684626414828,0.5161513826411295,0.25367086399940214,0.5751183852430323,0.13317521903018328,True
E[Hydrogen fuel cell]@100nmi_300kt_propeller,oew_fan_b,2.5133083397686025,2.5133083397686025,1.873199330007568,20,5.953684626414828,0.4221433444119224,0.3146285783591405,0.5264942027711006,0.13317521903018328,True
E[Hydrogen fuel cell]@100nmi_300kt_propeller,oew_fan_r_pivot,1.9433639221242447,1.9433639221242447,1.4174830478540188,20,5.953684626414828,0.3264136487011899,0.2380850073188365,0.4040177480859402,0.13317521903018328,True
E[Hydrogen fuel cell]@100nmi_300kt_propeller,eta_p_propeller,-1.1554313085488863,1.1554313085488863,0.7648578416796765,20,5.953684626414828,0.19406995517071257,0.128467980699921,0.23273841445940474,0.13317521903018328,True
E[Hydrogen fuel cell]@100nmi_300kt_propeller,oew_prop_r_pivot,0.8371790881552659,0.8371790881552659,0.7568966203629239,20,5.953684626414828,0.14061528963777106,0.12713078838687322,0.18956502060185626,0.13317521903018328,True
E[Hydrogen fuel cell]@100nmi_300kt_propeller,liquid_hydrogen,-0.8768943710053521,0.8768943710053521,0.4201868702147137,20,5.953684626414828,0.14728599615687027,0.07057593684933569,0.16332215871118966,0.13317521903018328,True
E[Hydrogen fuel cell]@100nmi_300kt_propeller,gamma_tank,-0.6762396690077985,0.6762396690077985,0.4799771989926365,20,5.953684626414828,0.1135833876734943,0.0806185125868294,0.1392857872401203,0.13317521903018328,True
E[Hydrogen fuel cell]@100nmi_300kt_propeller,oew_prop_b,0.08047818679027821,0.17575505282197013,0.188009588132903,20,5.953684626414828,0.029520383401262854,0.03157869452788231,0.04322808096877376,0.13317521903018328,False
E[Hydrogen fuel cell]@100nmi_300kt_propeller,e_battery_Wh_per_kg,0.0,0.0,0.0,20,5.953684626414828,0.0,0.0,0.0,0.13317521903018328,False
E[Hydrogen fuel cell]@100nmi_300kt_propeller,electricity,0.0,0.0,0.0,20,5.953684626414828,0.0,0.0,0.0,0.13317521903018328,False
E[Hydrogen fuel cell]@100nmi_300kt_propeller,e_saf,0.0,0.0,0.0,20,5.953684626414828,0.0,0.0,0.0,0.13317521903018328,False
E[Hydrogen fuel cell]@100nmi_300kt_propeller,eta_p_fan,0.0,0.0,0.0,20,5.953684626414828,0.0,0.0,0.0,0.13317521903018328,False
E[Hydrogen fuel cell]@100nmi_350kt_fan,fuel_cell_specific_power_kW_per_kg,-98.22583238055108,98.22583238055108,75.16955124732758,16,98.22583238055108,1.0,0.7652727335117122,1.259222917777662,0.1259222917777662,True
E[Hydrogen fuel cell]@100nmi_350kt_fan,oew_fan_b,-26.027777516443198,35.96051965727691,79.66104540832269,17,98.22583238055108,0.36610043189002456,0.8109989345745239,0.8898026736929235,0.1259222917777662,True
E[Hydrogen fuel cell]@100nmi_350kt_fan,eta_motor,-41.452931569274675,41.452931569274675,47.83597216386398,17,98.22583238055108,0.42201659751454995,0.48699991646327445,0.6444120787299025,0.1259222917777662,True
E[Hydrogen fuel cell]@100nmi_350kt_fan,eta_fuel_cell,-44.169389746692836,44.169389746692836,43.57389110373925,19,98.22583238055108,0.449671829458973,0.4436092832985447,0.6316596792875323,0.1259222917777662,True
E[Hydrogen fuel cell]@100nmi_350kt_fan,oew_fan_r_pivot,31.90613240386133,31.90613240386133,42.70973081035735,18,98.22583238055108,0.3248242507149149,0.4348115946209478,0.5427447988413314,0.1259222917777662,True
E[Hydrogen fuel cell]@100nmi_350kt_fan,eta_p_fan,-13.77559744747089,13.77559744747089,12.977449365387464,19,98.22583238055108,0.1402441406055062,0.1321184972514117,0.19267515742863237,0.1259222917777662,True
E[Hydrogen fuel cell]@100nmi_350kt_fan,gamma_tank,-6.0262871858433655,6.0262871858433655,6.865319550178975,17,98.22583238055108,0.06135134760167818,0.0698932183499452,0.09300026786980271,0.1259222917777662,False
E[Hydrogen fuel cell]@100nmi_350kt_fan,liquid_hydrogen,-5.239056540400836,5.239056540400836,6.761002096728657,19,98.22583238055108,0.053336850535442036,0.06883120186281413,0.08707786156606942,0.1259222917777662,False
E[Hydrogen fuel cell]@100nmi_350kt_fan,calibration_block,0.36494419875660006,0.7664731669387199,1.3208194365326167,20,98.22583238055108,0.007803173038729913,0.013446762470949971,0.015546862398005264,0.1259222917777662,False
E[Hydrogen fuel cell]@100nmi_350kt_fan,e_battery_Wh_per_kg,0.0,0.0,0.0,20,98.22583238055108,0.0,0.0,0.0,0.1259222917777662,False
E[Hydrogen fuel cell]@100nmi_350kt_fan,electricity,0.0,0.0,0.0,17,98.22583238055108,0.0,0.0,0.0,0.1259222917777662,False
E[Hydrogen fuel cell]@100nmi_350kt_fan,e_saf,0.0,0.0,0.0,19,98.22583238055108,0.0,0.0,0.0,0.1259222917777662,False
E[Hydrogen fuel cell]@100nmi_350kt_fan,eta_p_propeller,0.0,0.0,0.0,19,98.22583238055108,0.0,0.0,0.0,0.1259222917777662,False
E[Hydrogen fuel cell]@100nmi_350kt_fan,oew_prop_b,0.0,0.0,0.0,19,98.22583238055108,0.0,0.0,0.0,0.1259222917777662,False
E[Hydrogen fuel cell]@100nmi_350kt_fan,oew_prop_r_pivot,0.0,0.0,0.0,18,98.22583238055108,0.0,0.0,0.0,0.1259222917777662,False
E[Hydrogen fuel cell]@100nmi_450kt_fan,fuel_cell_specific_power_kW_per_kg,-292.4047024459859,292.4047024459859,219.16171333648845,15,292.4047024459859,1.0,0.7495150095165547,1.2497090659391894,0.12497090659391895,True
E[Hydrogen fuel cell]@100nmi_450kt_fan,oew_fan_b,-206.51995370560817,206.51995370560817,297.7749222214561,12,292.4047024459859,0.7062812327505483,1.0183657093423872,1.239315092177957,0.12497090659391895,True
E[Hydrogen fuel cell]@100nmi_450kt_fan,eta_fuel_cell,-126.29038876772599,126.29038876772599,115.29898499097453,17,292.4047024459859,0.43190272834635696,0.39431303267864853,0.5848270979471283,0.12497090659391895,True
E[Hydrogen fuel cell]@100nmi_450kt_fan,eta_motor,-121.26631728852699,121.26631728852699,114.45704651860525,17,292.4047024459859,0.4147208176685454,0.3914336724449505,0.570275088471702,0.12497090659391895,True
E[Hydrogen fuel cell]@100nmi_450kt_fan,oew_fan_r_pivot,76.89374360064569,76.89374360064569,78.56291150045605,17,292.4047024459859,0.2629702701681065,0.26867868691328073,0.37595425226180335,0.12497090659391895,True
E[Hydrogen fuel cell]@100nmi_450kt_fan,eta_p_fan,-33.78780189362025,33.78780189362025,31.56964946380998,18,292.4047024459859,0.11555149972275723,0.10796560109918768,0.15814145600976134,0.12497090659391895,True
E[Hydrogen fuel cell]@100nmi_450kt_fan,liquid_hydrogen,-15.019057584859135,15.019057584859135,20.346665423044076,18,292.4047024459859,0.051363939975053965,0.06958392000143222,0.08648801218970562,0.12497090659391895,False
E[Hydrogen fuel cell]@100nmi_450kt_fan,gamma_tank,-12.502580136384033,12.502580136384033,12.668942727679516,17,292.4047024459859,0.042757794357611456,0.043326740718267934,0.060872287944481,0.12497090659391895,False
E[Hydrogen fuel cell]@100nmi_450kt_fan,calibration_block,-0.6338332998048295,1.8974954318720954,2.5748624558370388,19,292.4047024459859,0.006489278099837016,0.008805817534048301,0.01093860835298425,0.12497090659391895,False
E[Hydrogen fuel cell]@100nmi_450kt_fan,e_battery_Wh_per_kg,0.0,0.0,0.0,18,292.4047024459859,0.0,0.0,0.0,0.12497090659391895,False
E[Hydrogen fuel cell]@100nmi_450kt_fan,electricity,0.0,0.0,0.0,16,292.4047024459859,0.0,0.0,0.0,0.12497090659391895,False
E[Hydrogen fuel cell]@100nmi_450kt_fan,e_saf,0.0,0.0,0.0,19,292.4047024459859,0.0,0.0,0.0,0.12497090659391895,False
E[Hydrogen fuel cell]@100nmi_450kt_fan,eta_p_propeller,0.0,0.0,0.0,18,292.4047024459859,0.0,0.0,0.0,0.12497090659391895,False
E[Hydrogen fuel cell]@100nmi_450kt_fan,oew_prop_b,0.0,0.0,0.0,18,292.4047024459859,0.0,0.0,0.0,0.12497090659391895,False
E[Hydrogen fuel cell]@100nmi_450kt_fan,oew_prop_r_pivot,0.0,0.0,0.0,18,292.4047024459859,0.0,0.0,0.0,0.12497090659391895,False
E[Hydrogen fuel cell]@1500nmi_250kt_propeller,fuel_cell_specific_power_kW_per_kg,-2.954084528457804,2.954084528457804,4.670585608695649,20,2.954084528457804,1.0,1.5810602451291242,1.8707622774494268,0.1870762277449427,True
E[Hydrogen fuel cell]@1500nmi_250kt_propeller,oew_fan_r_pivot,1.9931070759191467,1.9931070759191467,3.7327131621695333,20,2.954084528457804,0.6746953435891218,1.2635769647790738,1.4324247109642936,0.1870762277449427,True
E[Hydrogen fuel cell]@1500nmi_250kt_propeller,eta_fuel_cell,-2.5633423038802934,2.5633423038802934,0.8119989756851891,20,2.954084528457804,0.8677281503581417,0.2748733043563576,0.9102238605814201,0.1870762277449427,True
E[Hydrogen fuel cell]@1500nmi_250kt_propeller,eta_motor,-1.6642229636348094,1.6642229636348094,1.0698750102090897,20,2.954084528457804,0.5633633525387393,0.36216804221496796,0.6697342441487598,0.1870762277449427,True
E[Hydrogen fuel cell]@1500nmi_250kt_propeller,gamma_tank,-0.7939866320464277,0.7939866320464277,0.6544379373159264,20,2.954084528457804,0.2687758675818707,0.22153663208059224,0.34830869404595544,0.1870762277449427,True
E[Hydrogen fuel cell]@1500nmi_250kt_propeller,eta_p_propeller,-0.7732286863329932,0.7732286863329932,0.5152978981842905,20,2.954084528457804,0.26174900510943117,0.1744357323631848,0.3145478761665029,0.1870762277449427,True
E[Hydrogen fuel cell]@1500nmi_250kt_propeller,oew_fan_b,0.35459728082403064,0.4860664903238849,0.41597699928394527,20,2.954084528457804,0.16454048137127564,0.14081418296486875,0.2165691670897652,0.1870762277449427,True
E[Hydrogen fuel cell]@1500nmi_250kt_propeller,liquid_hydrogen,-0.45552685073343924,0.45552685073343924,0.24435030296445787,20,2.954084528457804,0.1542023751673922,0.08271608364978719,0.17498663663726946,0.1870762277449427,False
E[Hydrogen fuel cell]@1500nmi_250kt_propeller,oew_prop_b,-0.21809502731432723,0.21809502731432723,0.2815402937833254,20,2.954084528457804,0.07382829611452754,0.09530542916803571,0.1205559709681683,0.1870762277449427,False
E[Hydrogen fuel cell]@1500nmi_250kt_propeller,calibration_block,0.2030562631904993,0.2663747902839292,0.2113545705161162,20,2.954084528457804,0.09017168862902904,0.07154655477189578,0.11510796206144233,0.1870762277449427,False
E[Hydrogen fuel cell]@1500nmi_250kt_propeller,oew_prop_r_pivot,0.08552238753131639,0.08552238753131639,0.17741796029088547,20,2.954084528457804,0.028950555309926698,0.06005852526620404,0.0666720414409548,0.1870762277449427,False
E[Hydrogen fuel cell]@1500nmi_250kt_propeller,e_battery_Wh_per_kg,0.0,0.0,0.0,20,2.954084528457804,0.0,0.0,0.0,0.1870762277449427,False
E[Hydrogen fuel cell]@1500nmi_250kt_propeller,electricity,0.0,0.0,0.0,20,2.954084528457804,0.0,0.0,0.0,0.1870762277449427,False
E[Hydrogen fuel cell]@1500nmi_250kt_propeller,e_saf,0.0,0.0,0.0,20,2.954084528457804,0.0,0.0,0.0,0.1870762277449427,False
E[Hydrogen fuel cell]@1500nmi_250kt_propeller,eta_p_fan,0.0,0.0,0.0,20,2.954084528457804,0.0,0.0,0.0,0.1870762277449427,False
E[Hydrogen fuel cell]@6000nmi_250kt_propeller,oew_fan_b,-11.001771170589407,11.001771170589407,13.842936831489785,12,11.001771170589407,1.0,1.2582462057105452,1.607228519590473,0.1607228519590473,True
E[Hydrogen fuel cell]@6000nmi_250kt_propeller,eta_fuel_cell,-6.790463625021967,6.790463625021967,3.3461940590699863,17,11.001771170589407,0.6172154937356488,0.30415048697024644,0.6880861024839687,0.1607228519590473,True
E[Hydrogen fuel cell]@6000nmi_250kt_propeller,gamma_tank,-2.7554734286860443,2.7554734286860443,2.6325543396996913,16,11.001771170589407,0.25045725692351617,0.23928459326051,0.34638988743538673,0.1607228519590473,True
E[Hydrogen fuel cell]@6000nmi_250kt_propeller,eta_motor,-3.1534231496473293,3.1534231496473293,1.9001631384328495,16,11.001771170589407,0.2866286801235467,0.17271429381411596,0.3346434334587715,0.1607228519590473,True
E[Hydrogen fuel cell]@6000nmi_250kt_propeller,fuel_cell_specific_power_kW_per_kg,-2.9269972603791223,2.9269972603791223,1.5307365373645447,15,11.001771170589407,0.2660478222091863,0.13913546406569527,0.30023344427799376,0.1607228519590473,True
E[Hydrogen fuel cell]@6000nmi_250kt_propeller,eta_p_propeller,-2.2434634219946723,2.2434634219946723,2.294617362573647,17,11.001771170589407,0.20391838615876987,0.20856799573397375,0.2916904473205869,0.1607228519590473,True
E[Hydrogen fuel cell]@6000nmi_250kt_propeller,oew_fan_r_pivot,1.9745223680437953,1.9745223680437953,1.8875909585885389,16,11.001771170589407,0.17947313550041893,0.17157155237281793,0.24828895253307254,0.1607228519590473,True
E[Hydrogen fuel cell]@6000nmi_250kt_propeller,liquid_hydrogen,-0.7580626440007417,0.7580626440007417,0.6195085949538527,17,11.001771170589407,0.06890369125538988,0.056309896411039714,0.08898608375718146,0.1607228519590473,False
E[Hydrogen fuel cell]@6000nmi_250kt_propeller,calibration_block,0.43322197865053513,0.648603951142269,0.5849261370491816,19,11.001771170589407,0.05895450296913608,0.05316654273021431,0.07938711914549854,0.1607228519590473,False
E[Hydrogen fuel cell]@6000nmi_250kt_propeller,oew_prop_b,-0.27298097053160586,0.27298097053160586,0.49277550899799355,16,11.001771170589407,0.024812456676190003,0.044790561570241576,0.0512040273033812,0.1607228519590473,False
E[Hydrogen fuel cell]@6000nmi_250kt_propeller,oew_prop_r_pivot,0.08778222120896817,0.08778222120896817,0.2617390460823284,17,11.001771170589407,0.00797891719868096,0.023790628074689,0.025092969211545836,0.1607228519590473,False
E[Hydrogen fuel cell]@6000nmi_250kt_propeller,e_battery_Wh_per_kg,0.0,0.0,0.0,18,11.001771170589407,0.0,0.0,0.0,0.1607228519590473,False
E[Hydrogen fuel cell]@6000nmi_250kt_propeller,electricity,0.0,0.0,0.0,15,11.001771170589407,0.0,0.0,0.0,0.1607228519590473,False
E[Hydrogen fuel cell]@6000nmi_250kt_propeller,e_saf,0.0,0.0,0.0,17,11.001771170589407,0.0,0.0,0.0,0.1607228519590473,False
E[Hydrogen fuel cell]@6000nmi_250kt_propeller,eta_p_fan,0.0,0.0,0.0,18,11.001771170589407,0.0,0.0,0.0,0.1607228519590473,False
E[e-SAF combustion]@100nmi_350kt_fan,e_saf,-1.9164484040394352,1.9164484040394352,1.165717944014747,20,1.9164484040394352,1.0,0.6082699338827385,1.1704667071154613,0.11704667071154613,True
E[e-SAF combustion]@100nmi_350kt_fan,oew_fan_b,1.7711496571930396,1.7711496571930396,0.4321902795841261,20,1.9164484040394352,0.9241833244557282,0.2255162615769711,0.9513003739291258,0.11704667071154613,True
E[e-SAF combustion]@100nmi_350kt_fan,liquid_hydrogen,-1.0905298725746322,1.0905298725746322,1.0447514487154324,20,1.9164484040394352,0.5690369071643382,0.5451497919345677,0.7880300104446899,0.11704667071154613,True
E[e-SAF combustion]@100nmi_350kt_fan,oew_fan_r_pivot,0.8083531647599627,0.8083531647599627,0.3905685560415566,20,1.9164484040394352,0.4217975099439875,0.20379810654872177,0.468451499760426,0.11704667071154613,True
E[e-SAF combustion]@100nmi_350kt_fan,calibration_block,-0.005376121447958682,0.13885703357246254,0.16632331752499716,20,1.9164484040394352,0.07245539889296454,0.08678726605653751,0.11305668657052902,0.11704667071154613,False
E[e-SAF combustion]@100nmi_350kt_fan,e_battery_Wh_per_kg,0.0,0.0,0.0,20,1.9164484040394352,0.0,0.0,0.0,0.11704667071154613,False
E[e-SAF combustion]@100nmi_350kt_fan,fuel_cell_specific_power_kW_per_kg,0.0,0.0,0.0,20,1.9164484040394352,0.0,0.0,0.0,0.11704667071154613,False
E[e-SAF combustion]@100nmi_350kt_fan,eta_fuel_cell,0.0,0.0,0.0,20,1.9164484040394352,0.0,0.0,0.0,0.11704667071154613,False
E[e-SAF combustion]@100nmi_350kt_fan,gamma_tank,0.0,0.0,0.0,20,1.9164484040394352,0.0,0.0,0.0,0.11704667071154613,False
E[e-SAF combustion]@100nmi_350kt_fan,electricity,0.0,0.0,0.0,20,1.9164484040394352,0.0,0.0,0.0,0.11704667071154613,False
E[e-SAF combustion]@100nmi_350kt_fan,eta_motor,0.0,0.0,0.0,20,1.9164484040394352,0.0,0.0,0.0,0.11704667071154613,False
E[e-SAF combustion]@100nmi_350kt_fan,eta_p_propeller,0.0,0.0,0.0,20,1.9164484040394352,0.0,0.0,0.0,0.11704667071154613,False
E[e-SAF combustion]@100nmi_350kt_fan,eta_p_fan,0.0,0.0,0.0,20,1.9164484040394352,0.0,0.0,0.0,0.11704667071154613,False
E[e-SAF combustion]@100nmi_350kt_fan,oew_prop_b,0.0,0.0,0.0,20,1.9164484040394352,0.0,0.0,0.0,0.11704667071154613,False
E[e-SAF combustion]@100nmi_350kt_fan,oew_prop_r_pivot,0.0,0.0,0.0,20,1.9164484040394352,0.0,0.0,0.0,0.11704667071154613,False
E[e-SAF combustion]@1500nmi_250kt_propeller,e_saf,-1.4611944806696382,1.4611944806696382,0.8798622731313648,20,1.4611944806696382,1.0,0.6021527488443156,1.1672994187185932,0.11672994187185932,True
E[e-SAF combustion]@1500nmi_250kt_propeller,liquid_hydrogen,-0.8197330723600501,0.8197330723600501,0.7913491618000507,20,1.4611944806696382,0.5610020316969592,0.541576889503025,0.7797620193442918,0.11672994187185932,True
E[e-SAF combustion]@1500nmi_250kt_propeller,eta_p_propeller,-0.6811525562378868,0.6811525562378868,0.23882696319152935,20,1.4611944806696382,0.46616146259033725,0.1634463901629846,0.49398505206298804,0.11672994187185932,True
E[e-SAF combustion]@1500nmi_250kt_propeller,oew_fan_r_pivot,0.6085248653393904,0.6085248653393904,0.3857315813570156,20,1.4611944806696382,0.4164571337968063,0.26398373827708543,0.4930760168219458,0.11672994187185932,True
E[e-SAF combustion]@1500nmi_250kt_propeller,oew_fan_b,0.6696003827484419,0.6696003827484419,0.2171421071864162,20,1.4611944806696382,0.45825548317262776,0.14860589063196022,0.48174868820609845,0.11672994187185932,True
E[e-SAF combustion]@1500nmi_250kt_propeller,calibration_block,0.24905927030821653,0.3036612234757032,0.23628735233041323,20,1.4611944806696382,0.20781711640228814,0.16170835262266192,0.26332023313391123,0.11672994187185932,True
E[e-SAF combustion]@1500nmi_250kt_propeller,oew_prop_b,-0.14213689255922746,0.14213689255922746,0.10967113074881511,20,1.4611944806696382,0.09727445212774741,0.07505580687558776,0.1228645318328237,0.11672994187185932,True
E[e-SAF combustion]@1500nmi_250kt_propeller,oew_prop_r_pivot,0.1133702116219109,0.1133702116219109,0.11874222241368274,20,1.4611944806696382,0.0775873527594735,0.081263804363171,0.11235480945557565,0.11672994187185932,False
E[e-SAF combustion]@1500nmi_250kt_propeller,e_battery_Wh_per_kg,0.0,0.0,0.0,20,1.4611944806696382,0.0,0.0,0.0,0.11672994187185932,False
E[e-SAF combustion]@1500nmi_250kt_propeller,fuel_cell_specific_power_kW_per_kg,0.0,0.0,0.0,20,1.4611944806696382,0.0,0.0,0.0,0.11672994187185932,False
E[e-SAF combustion]@1500nmi_250kt_propeller,eta_fuel_cell,0.0,0.0,0.0,20,1.4611944806696382,0.0,0.0,0.0,0.11672994187185932,False
E[e-SAF combustion]@1500nmi_250kt_propeller,gamma_tank,0.0,0.0,0.0,20,1.4611944806696382,0.0,0.0,0.0,0.11672994187185932,False
E[e-SAF combustion]@1500nmi_250kt_propeller,electricity,0.0,0.0,0.0,20,1.4611944806696382,0.0,0.0,0.0,0.11672994187185932,False
E[e-SAF combustion]@1500nmi_250kt_propeller,eta_motor,0.0,0.0,0.0,20,1.4611944806696382,0.0,0.0,0.0,0.11672994187185932,False
E[e-SAF combustion]@1500nmi_250kt_propeller,eta_p_fan,0.0,0.0,0.0,20,1.4611944806696382,0.0,0.0,0.0,0.11672994187185932,False
E[e-SAF combustion]@1500nmi_450kt_fan,e_saf,-0.9399394729095789,0.9399394729095789,0.5596746683593843,20,0.9399394729095789,1.0,0.5954369238552282,1.163849273011835,0.11638492730118351,True
E[e-SAF combustion]@1500nmi_450kt_fan,liquid_hydrogen,-0.5340068510016275,0.5340068510016275,0.513188566401887,20,0.9399394729095789,0.5681289768038057,0.5459804393716053,0.7879499822073419,0.11638492730118351,True
E[e-SAF combustion]@1500nmi_450kt_fan,oew_fan_b,0.5774466141627673,0.5774466141627673,0.1264028547206321,20,0.9399394729095789,0.6143444666445209,0.13447978126650278,0.6288910360835391,0.11638492730118351,True
E[e-SAF combustion]@1500nmi_450kt_fan,oew_fan_r_pivot,0.4661721530352114,0.4661721530352114,0.21421511780801372,20,0.9399394729095789,0.49595975748542337,0.22790309799939742,0.5458167303433662,0.11638492730118351,True
E[e-SAF combustion]@1500nmi_450kt_fan,calibration_block,-0.05553715912345527,0.061303239388438714,0.06922148255787514,20,0.9399394729095789,0.06522041169169625,0.07364461707688508,0.09837292170935752,0.11638492730118351,False
E[e-SAF combustion]@1500nmi_450kt_fan,e_battery_Wh_per_kg,0.0,0.0,0.0,20,0.9399394729095789,0.0,0.0,0.0,0.11638492730118351,False
E[e-SAF combustion]@1500nmi_450kt_fan,fuel_cell_specific_power_kW_per_kg,0.0,0.0,0.0,20,0.9399394729095789,0.0,0.0,0.0,0.11638492730118351,False
E[e-SAF combustion]@1500nmi_450kt_fan,eta_fuel_cell,0.0,0.0,0.0,20,0.9399394729095789,0.0,0.0,0.0,0.11638492730118351,False
E[e-SAF combustion]@1500nmi_450kt_fan,gamma_tank,0.0,0.0,0.0,20,0.9399394729095789,0.0,0.0,0.0,0.11638492730118351,False
E[e-SAF combustion]@1500nmi_450kt_fan,electricity,0.0,0.0,0.0,20,0.9399394729095789,0.0,0.0,0.0,0.11638492730118351,False
E[e-SAF combustion]@1500nmi_450kt_fan,eta_motor,0.0,0.0,0.0,20,0.9399394729095789,0.0,0.0,0.0,0.11638492730118351,False
E[e-SAF combustion]@1500nmi_450kt_fan,eta_p_propeller,0.0,0.0,0.0,20,0.9399394729095789,0.0,0.0,0.0,0.11638492730118351,False
E[e-SAF combustion]@1500nmi_450kt_fan,eta_p_fan,0.0,0.0,0.0,20,0.9399394729095789,0.0,0.0,0.0,0.11638492730118351,False
E[e-SAF combustion]@1500nmi_450kt_fan,oew_prop_b,0.0,0.0,0.0,20,0.9399394729095789,0.0,0.0,0.0,0.11638492730118351,False
E[e-SAF combustion]@1500nmi_450kt_fan,oew_prop_r_pivot,0.0,0.0,0.0,20,0.9399394729095789,0.0,0.0,0.0,0.11638492730118351,False
E[e-SAF combustion]@6000nmi_450kt_fan,oew_fan_b,-1.118782702907612,1.118782702907612,0.4770066418698308,20,1.118782702907612,1.0,0.4263621886807286,1.0870992208334165,0.10870992208334165,True
E[e-SAF combustion]@6000nmi_450kt_fan,e_saf,-0.991421685630429,0.991421685630429,0.5900204849793492,20,1.118782702907612,0.8861610776192878,0.5273771961668168,1.0312168358420797,0.10870992208334165,True
E[e-SAF combustion]@6000nmi_450kt_fan,liquid_hydrogen,-0.5674282518300706,0.5674282518300706,0.5709021219598917,20,1.118782702907612,0.5071836115765621,0.5102886561225609,0.7194648903311504,0.10870992208334165,True
E[e-SAF combustion]@6000nmi_450kt_fan,oew_fan_r_pivot,0.6465770766441495,0.6465770766441495,0.3601119122158989,20,1.118782702907612,0.5779290964757999,0.321878333728258,0.6615192380248773,0.10870992208334165,True
E[e-SAF combustion]@6000nmi_450kt_fan,calibration_block,-0.05168392565636731,0.06635400106232694,0.07984203725223639,20,1.118782702907612,0.0593091052354305,0.07136509801656243,0.09279303410677406,0.10870992208334165,False
E[e-SAF combustion]@6000nmi_450kt_fan,e_battery_Wh_per_kg,0.0,0.0,0.0,20,1.118782702907612,0.0,0.0,0.0,0.10870992208334165,False
E[e-SAF combustion]@6000nmi_450kt_fan,fuel_cell_specific_power_kW_per_kg,0.0,0.0,0.0,20,1.118782702907612,0.0,0.0,0.0,0.10870992208334165,False
E[e-SAF combustion]@6000nmi_450kt_fan,eta_fuel_cell,0.0,0.0,0.0,20,1.118782702907612,0.0,0.0,0.0,0.10870992208334165,False
E[e-SAF combustion]@6000nmi_450kt_fan,gamma_tank,0.0,0.0,0.0,20,1.118782702907612,0.0,0.0,0.0,0.10870992208334165,False
E[e-SAF combustion]@6000nmi_450kt_fan,electricity,0.0,0.0,0.0,20,1.118782702907612,0.0,0.0,0.0,0.10870992208334165,False
E[e-SAF combustion]@6000nmi_450kt_fan,eta_motor,0.0,0.0,0.0,20,1.118782702907612,0.0,0.0,0.0,0.10870992208334165,False
E[e-SAF combustion]@6000nmi_450kt_fan,eta_p_propeller,0.0,0.0,0.0,20,1.118782702907612,0.0,0.0,0.0,0.10870992208334165,False
E[e-SAF combustion]@6000nmi_450kt_fan,eta_p_fan,0.0,0.0,0.0,20,1.118782702907612,0.0,0.0,0.0,0.10870992208334165,False
E[e-SAF combustion]@6000nmi_450kt_fan,oew_prop_b,0.0,0.0,0.0,20,1.118782702907612,0.0,0.0,0.0,0.10870992208334165,False
E[e-SAF combustion]@6000nmi_450kt_fan,oew_prop_r_pivot,0.0,0.0,0.0,20,1.118782702907612,0.0,0.0,0.0,0.10870992208334165,False
