output,fattore,mu,mu_star,sigma,n_ee
E[Battery-electric]@10nmi_200kt_propeller,e_battery_Wh_per_kg,-1.1223945643137503,1.1223945643137503,0.6290035651458541,17
E[Battery-electric]@10nmi_200kt_propeller,fuel_cell_specific_power_kW_per_kg,0.0,0.0,0.0,17
E[Battery-electric]@10nmi_200kt_propeller,eta_fuel_cell,0.0,0.0,0.0,18
E[Battery-electric]@10nmi_200kt_propeller,gamma_tank,0.0,0.0,0.0,20
E[Battery-electric]@10nmi_200kt_propeller,electricity,-0.12206295018892165,0.12206295018892165,0.06358818284646514,19
E[Battery-electric]@10nmi_200kt_propeller,liquid_hydrogen,0.0,0.0,0.0,18
E[Battery-electric]@10nmi_200kt_propeller,e_saf,0.0,0.0,0.0,18
E[Battery-electric]@10nmi_200kt_propeller,eta_motor,-0.5906944908007681,0.5906944908007681,0.6221648529503792,19
E[Battery-electric]@10nmi_200kt_propeller,eta_p_propeller,-0.470544579451377,0.470544579451377,0.3907088386546061,19
E[Battery-electric]@10nmi_200kt_propeller,eta_p_fan,0.0,0.0,0.0,19
E[Battery-electric]@10nmi_200kt_propeller,oew_fan_b,0.0,0.0,0.0,19
E[Battery-electric]@10nmi_200kt_propeller,oew_fan_r_pivot,0.0,0.0,0.0,18
E[Battery-electric]@10nmi_200kt_propeller,oew_prop_b,0.0,0.0,0.0,18
E[Battery-electric]@10nmi_200kt_propeller,oew_prop_r_pivot,0.0,0.0,0.0,18
E[Battery-electric]@10nmi_200kt_propeller,calibration_block,-0.08507427676906112,0.28214902836053574,0.3498444391494116,20
E[Battery-electric]@10nmi_250kt_propeller,e_battery_Wh_per_kg,-5.257793433957459,5.257793433957459,11.259752940738496,17
E[Battery-electric]@10nmi_250kt_propeller,fuel_cell_specific_power_kW_per_kg,0.0,0.0,0.0,17
E[Battery-electric]@10nmi_250kt_propeller,eta_fuel_cell,0.0,0.0,0.0,18
E[Battery-electric]@10nmi_250kt_propeller,gamma_tank,0.0,0.0,0.0,19
E[Battery-electric]@10nmi_250kt_propeller,electricity,-0.18567097683999717,0.18567097683999717,0.11853563629542044,18
E[Battery-electric]@10nmi_250kt_propeller,liquid_hydrogen,0.0,0.0,0.0,18
E[Battery-electric]@10nmi_250kt_propeller,e_saf,0.0,0.0,0.0,18
E[Battery-electric]@10nmi_250kt_propeller,eta_motor,-4.076654552847494,4.076654552847494,11.072778559650661,19
E[Battery-electric]@10nmi_250kt_propeller,eta_p_propeller,-1.1462742020669696,1.1462742020669696,1.1292397950907933,18
E[Battery-electric]@10nmi_250kt_propeller,eta_p_fan,0.0,0.0,0.0,19
E[Battery-electric]@10nmi_250kt_propeller,oew_fan_b,0.0,0.0,0.0,18
E[Battery-electric]@10nmi_250kt_propeller,oew_fan_r_pivot,0.0,0.0,0.0,17
E[Battery-electric]@10nmi_250kt_propeller,oew_prop_b,0.0,0.0,0.0,18
E[Battery-electric]@10nmi_250kt_propeller,oew_prop_r_pivot,0.0,0.0,0.0,18
E[Battery-electric]@10nmi_250kt_propeller,calibration_block,-0.2755943751796298,0.5421305354907868,0.8772887441862754,20
E[Battery-electric]@20nmi_250kt_propeller,e_battery_Wh_per_kg,-7.740015106592572,7.740015106592572,7.291592600202833,16
E[Battery-electric]@20nmi_250kt_propeller,fuel_cell_specific_power_kW_per_kg,0.0,0.0,0.0,17
E[Battery-electric]@20nmi_250kt_propeller,eta_fuel_cell,0.0,0.0,0.0,16
E[Battery-electric]@20nmi_250kt_propeller,gamma_tank,0.0,0.0,0.0,18
E[Battery-electric]@20nmi_250kt_propeller,electricity,-0.3041935322176829,0.3041935322176829,0.48974314365958815,16
E[Battery-electric]@20nmi_250kt_propeller,liquid_hydrogen,0.0,0.0,0.0,17
E[Battery-electric]@20nmi_250kt_propeller,e_saf,0.0,0.0,0.0,17
E[Battery-electric]@20nmi_250kt_propeller,eta_motor,-1.5257375163660203,1.5257375163660203,1.4208535453764326,16
E[Battery-electric]@20nmi_250kt_propeller,eta_p_propeller,-4.3353552363838865,4.3353552363838865,9.92473237482804,16
E[Battery-electric]@20nmi_250kt_propeller,eta_p_fan,0.0,0.0,0.0,18
E[Battery-electric]@20nmi_250kt_propeller,oew_fan_b,0.0,0.0,0.0,17
E[Battery-electric]@20nmi_250kt_propeller,oew_fan_r_pivot,0.0,0.0,0.0,17
E[Battery-electric]@20nmi_250kt_propeller,oew_prop_b,0.0,0.0,0.0,17
E[Battery-electric]@20nmi_250kt_propeller,oew_prop_r_pivot,0.0,0.0,0.0,16
E[Battery-electric]@20nmi_250kt_propeller,calibration_block,-4.839633574574741,5.271413948745425,19.373636333866234,19
E[Battery-electric]@5nmi_300kt_fan,e_battery_Wh_per_kg,-15.333080879635114,15.333080879635114,12.613363827946268,12
E[Battery-electric]@5nmi_300kt_fan,fuel_cell_specific_power_kW_per_kg,0.0,0.0,0.0,15
E[Battery-electric]@5nmi_300kt_fan,eta_fuel_cell,0.0,0.0,0.0,15
E[Battery-electric]@5nmi_300kt_fan,gamma_tank,0.0,0.0,0.0,18
E[Battery-electric]@5nmi_300kt_fan,electricity,-0.5670001760828648,0.5670001760828648,0.4854990483759857,17
E[Battery-electric]@5nmi_300kt_fan,liquid_hydrogen,0.0,0.0,0.0,17
E[Battery-electric]@5nmi_300kt_fan,e_saf,0.0,0.0,0.0,17
E[Battery-electric]@5nmi_300kt_fan,eta_motor,-5.840382887134268,5.840382887134268,8.622672525939898,16
E[Battery-electric]@5nmi_300kt_fan,eta_p_propeller,0.0,0.0,0.0,17
E[Battery-electric]@5nmi_300kt_fan,eta_p_fan,-9.024038496810967,9.024038496810967,12.322286291172036,18
E[Battery-electric]@5nmi_300kt_fan,oew_fan_b,0.0,0.0,0.0,16
E[Battery-electric]@5nmi_300kt_fan,oew_fan_r_pivot,0.0,0.0,0.0,17
E[Battery-electric]@5nmi_300kt_fan,oew_prop_b,0.0,0.0,0.0,16
E[Battery-electric]@5nmi_300kt_fan,oew_prop_r_pivot,0.0,0.0,0.0,15
E[Battery-electric]@5nmi_300kt_fan,calibration_block,0.8792330243834037,1.0819417203591313,1.5364938677338782,18
E[Hydrogen fuel cell]@100nmi_200kt_propeller,e_battery_Wh_per_kg,0.0,0.0,0.0,20
E[Hydrogen fuel cell]@100nmi_200kt_propeller,fuel_cell_specific_power_kW_per_kg,-1.8036533929808733,1.8036533929808733,1.0976133824838321,20
E[Hydrogen fuel cell]@100nmi_200kt_propeller,eta_fuel_cell,-2.1324343673553323,2.1324343673553323,0.3435601228160021,20
E[Hydrogen fuel cell]@100nmi_200kt_propeller,gamma_tank,-0.2743788172030993,0.2743788172030993,0.12423278034618268,20
E[Hydrogen fuel cell]@100nmi_200kt_propeller,electricity,0.0,0.0,0.0,20
E[Hydrogen fuel cell]@100nmi_200kt_propeller,liquid_hydrogen,-0.5704749859281072,0.5704749859281072,0.24222726616893123,20
E[Hydrogen fuel cell]@100nmi_200kt_propeller,e_saf,0.0,0.0,0.0,20
E[Hydrogen fuel cell]@100nmi_200kt_propeller,eta_motor,-1.2909063912605063,1.2909063912605063,0.46474422296114626,20
E[Hydrogen fuel cell]@100nmi_200kt_propeller,eta_p_propeller,-0.6421780313717562,0.6421780313717562,0.3204997331384685,20
E[Hydrogen fuel cell]@100nmi_200kt_propeller,eta_p_fan,0.0,0.0,0.0,20
E[Hydrogen fuel cell]@100nmi_200kt_propeller,oew_fan_b,1.3307124429632884,1.3307124429632884,0.9032613303184837,20
E[Hydrogen fuel cell]@100nmi_200kt_propeller,oew_fan_r_pivot,0.7808829769696451,0.7808829769696451,0.5729613353110798,20
E[Hydrogen fuel cell]@100nmi_200kt_propeller,oew_prop_b,0.246015569065792,0.24825820615691652,0.13976866082294187,20
E[Hydrogen fuel cell]@100nmi_200kt_propeller,oew_prop_r_pivot,0.5064520116121858,0.5064520116121858,0.3503561779635232,20
E[Hydrogen fuel cell]@100nmi_200kt_propeller,calibration_block,0.2062992503046932,0.5382154671632501,0.6135569115579883,20
E[Hydrogen fuel cell]@100nmi_300kt_propeller,e_battery_Wh_per_kg,0.0,0.0,0.0,20
E[Hydrogen fuel cell]@100nmi_300kt_propeller,fuel_cell_specific_power_kW_per_kg,-6.268881869056928,6.268881869056928,5.171968856164124,20
E[Hydrogen fuel cell]@100nmi_300kt_propeller,eta_fuel_cell,-5.037900950881116,5.037900950881116,4.348057486152192,20
E[Hydrogen fuel cell]@100nmi_300kt_propeller,gamma_tank,-0.7150109440055681,0.7150109440055681,0.5048485005280343,20
E[Hydrogen fuel cell]@100nmi_300kt_propeller,electricity,0.0,0.0,0.0,20
E[Hydrogen fuel cell]@100nmi_300kt_propeller,liquid_hydrogen,-0.817206573668982,0.817206573668982,0.42867200185986204,20
E[Hydrogen fuel cell]@100nmi_300kt_propeller,e_saf,0.0,0.0,0.0,20
E[Hydrogen fuel cell]@100nmi_300kt_propeller,eta_motor,-2.877774297674526,2.877774297674526,1.4674568603320048,20
E[Hydrogen fuel cell]@100nmi_300kt_propeller,eta_p_propeller,-1.297759455312762,1.297759455312762,1.1688926758939446,20
E[Hydrogen fuel cell]@100nmi_300kt_propeller,eta_p_fan,0.0,0.0,0.0,20
E[Hydrogen fuel cell]@100nmi_300kt_propeller,oew_fan_b,2.723682234533727,2.723682234533727,2.00948203762589,20
E[Hydrogen fuel cell]@100nmi_300kt_propeller,oew_fan_r_pivot,1.7947087840755156,1.7947087840755156,1.4379247057587645,20
E[Hydrogen fuel cell]@100nmi_300kt_propeller,oew_prop_b,0.08014699862203209,0.16719118987468418,0.1821863744523354,20
E[Hydrogen fuel cell]@100nmi_300kt_propeller,oew_prop_r_pivot,0.7775497847980055,0.7775497847980055,0.6114685152035892,20
E[Hydrogen fuel cell]@100nmi_300kt_propeller,calibration_block,6.478226409638135,6.478226409638135,12.311002903151781,20
E[Hydrogen fuel cell]@1500nmi_250kt_propeller,e_battery_Wh_per_kg,0.0,0.0,0.0,20
E[Hydrogen fuel cell]@1500nmi_250kt_propeller,fuel_cell_specific_power_kW_per_kg,-3.135898295558047,3.135898295558047,5.51040672636179,20
E[Hydrogen fuel cell]@1500nmi_250kt_propeller,eta_fuel_cell,-2.559172945137728,2.559172945137728,0.7477993839970333,20
E[Hydrogen fuel cell]@1500nmi_250kt_propeller,gamma_tank,-0.7925441724022597,0.7925441724022597,0.6550963433425362,20
E[Hydrogen fuel cell]@1500nmi_250kt_propeller,electricity,0.0,0.0,0.0,20
E[Hydrogen fuel cell]@1500nmi_250kt_propeller,liquid_hydrogen,-0.46472547039987316,0.46472547039987316,0.25885521541329,20
E[Hydrogen fuel cell]@1500nmi_250kt_propeller,e_saf,0.0,0.0,0.0,20
E[Hydrogen fuel cell]@1500nmi_250kt_propeller,eta_motor,-1.6929294524313723,1.6929294524313723,1.1247763246551423,20
E[Hydrogen fuel cell]@1500nmi_250kt_propeller,eta_p_propeller,-0.7837677194713317,0.7837677194713317,0.5588438122296814,20
E[Hydrogen fuel cell]@1500nmi_250kt_propeller,eta_p_fan,0.0,0.0,0.0,20
E[Hydrogen fuel cell]@1500nmi_250kt_propeller,oew_fan_b,0.36278955432371424,0.49362002332618926,0.41782421061069275,20
E[Hydrogen fuel cell]@1500nmi_250kt_propeller,oew_fan_r_pivot,2.163212960099975,2.163212960099975,4.4300834246220155,20
E[Hydrogen fuel cell]@1500nmi_250kt_propeller,oew_prop_b,-0.21770155761490187,0.21770155761490187,0.28654289243195175,20
E[Hydrogen fuel cell]@1500nmi_250kt_propeller,oew_prop_r_pivot,0.08615605436531559,0.08615605436531559,0.1783491136073416,20
E[Hydrogen fuel cell]@1500nmi_250kt_propeller,calibration_block,0.16507531665960543,0.4266114736003833,0.4750169291228759,20
E[Hydrogen fuel cell]@6000nmi_250kt_propeller,e_battery_Wh_per_kg,0.0,0.0,0.0,18
E[Hydrogen fuel cell]@6000nmi_250kt_propeller,fuel_cell_specific_power_kW_per_kg,-2.894194331953032,2.894194331953032,1.4782218820893829,15
E[Hydrogen fuel cell]@6000nmi_250kt_propeller,eta_fuel_cell,-6.707107187527136,6.707107187527136,3.237216022171513,17
E[Hydrogen fuel cell]@6000nmi_250kt_propeller,gamma_tank,-2.793552546309337,2.793552546309337,2.7156842646542834,16
E[Hydrogen fuel cell]@6000nmi_250kt_propeller,electricity,0.0,0.0,0.0,15
E[Hydrogen fuel cell]@6000nmi_250kt_propeller,liquid_hydrogen,-1.1516509799919534,1.1516509799919534,1.7174830119364501,18
E[Hydrogen fuel cell]@6000nmi_250kt_propeller,e_saf,0.0,0.0,0.0,17
E[Hydrogen fuel cell]@6000nmi_250kt_propeller,eta_motor,-3.142083284912089,3.142083284912089,1.9774355164302089,16
E[Hydrogen fuel cell]@6000nmi_250kt_propeller,eta_p_propeller,-2.3144920807419704,2.3144920807419704,2.5158967350758608,17
E[Hydrogen fuel cell]@6000nmi_250kt_propeller,eta_p_fan,0.0,0.0,0.0,18
E[Hydrogen fuel cell]@6000nmi_250kt_propeller,oew_fan_b,-10.964891170775251,10.964891170775251,13.882531187402638,12
E[Hydrogen fuel cell]@6000nmi_250kt_propeller,oew_fan_r_pivot,2.0027630659068247,2.0027630659068247,1.9358741864948086,16
E[Hydrogen fuel cell]@6000nmi_250kt_propeller,oew_prop_b,-0.272306618539941,0.272306618539941,0.4942438647158325,16
E[Hydrogen fuel cell]@6000nmi_250kt_propeller,oew_prop_r_pivot,0.08327807186058017,0.08327807186058017,0.2561631347000393,18
E[Hydrogen fuel cell]@6000nmi_250kt_propeller,calibration_block,-0.06323311159949883,0.846052307881666,1.2180636842960368,19
E[Hydrogen fuel cell]@100nmi_350kt_fan,e_battery_Wh_per_kg,0.0,0.0,0.0,20
E[Hydrogen fuel cell]@100nmi_350kt_fan,fuel_cell_specific_power_kW_per_kg,-98.26299565821235,98.26299565821235,73.0159784549588,16
E[Hydrogen fuel cell]@100nmi_350kt_fan,eta_fuel_cell,-43.80762748451956,43.80762748451956,41.89522625899525,19
E[Hydrogen fuel cell]@100nmi_350kt_fan,gamma_tank,-6.090171071270759,6.090171071270759,6.927954205036396,17
E[Hydrogen fuel cell]@100nmi_350kt_fan,electricity,0.0,0.0,0.0,17
E[Hydrogen fuel cell]@100nmi_350kt_fan,liquid_hydrogen,-5.3297602367727555,5.3297602367727555,6.938233697272935,19
E[Hydrogen fuel cell]@100nmi_350kt_fan,e_saf,0.0,0.0,0.0,19
E[Hydrogen fuel cell]@100nmi_350kt_fan,eta_motor,-41.46463556545978,41.46463556545978,47.251469214935916,17
E[Hydrogen fuel cell]@100nmi_350kt_fan,eta_p_propeller,0.0,0.0,0.0,19
E[Hydrogen fuel cell]@100nmi_350kt_fan,eta_p_fan,-13.638156696411553,13.638156696411553,12.601920400091753,19
E[Hydrogen fuel cell]@100nmi_350kt_fan,oew_fan_b,-25.66277647988319,35.803468753596796,79.1787569115745,17
E[Hydrogen fuel cell]@100nmi_350kt_fan,oew_fan_r_pivot,32.3760311300886,32.3760311300886,42.718173451249015,18
E[Hydrogen fuel cell]@100nmi_350kt_fan,oew_prop_b,0.0,0.0,0.0,19
E[Hydrogen fuel cell]@100nmi_350kt_fan,oew_prop_r_pivot,0.0,0.0,0.0,18
E[Hydrogen fuel cell]@100nmi_350kt_fan,calibration_block,2.8011540606902754,4.519948470141132,5.037164895112314,20
E[Hydrogen fuel cell]@100nmi_450kt_fan,e_battery_Wh_per_kg,0.0,0.0,0.0,18
E[Hydrogen fuel cell]@100nmi_450kt_fan,fuel_cell_specific_power_kW_per_kg,-293.72097059783397,293.72097059783397,212.4786922536114,15
E[Hydrogen fuel cell]@100nmi_450kt_fan,eta_fuel_cell,-125.9841538710798,125.9841538710798,111.12093360664065,17
E[Hydrogen fuel cell]@100nmi_450kt_fan,gamma_tank,-12.743976107250083,12.743976107250083,12.828413454024224,17
E[Hydrogen fuel cell]@100nmi_450kt_fan,electricity,0.0,0.0,0.0,16
E[Hydrogen fuel cell]@100nmi_450kt_fan,liquid_hydrogen,-15.465416847661393,15.465416847661393,21.20505377433405,18
E[Hydrogen fuel cell]@100nmi_450kt_fan,e_saf,0.0,0.0,0.0,19
E[Hydrogen fuel cell]@100nmi_450kt_fan,eta_motor,-122.71385996923266,122.71385996923266,114.24876731426913,17
E[Hydrogen fuel cell]@100nmi_450kt_fan,eta_p_propeller,0.0,0.0,0.0,18
E[Hydrogen fuel cell]@100nmi_450kt_fan,eta_p_fan,-34.346410575813216,34.346410575813216,32.0171709338719,18
E[Hydrogen fuel cell]@100nmi_450kt_fan,oew_fan_b,-209.34167527494844,209.34167527494844,299.961622590141,12
E[Hydrogen fuel cell]@100nmi_450kt_fan,oew_fan_r_pivot,79.14341106363133,79.14341106363133,79.7032645645368,17
E[Hydrogen fuel cell]@100nmi_450kt_fan,oew_prop_b,0.0,0.0,0.0,18
E[Hydrogen fuel cell]@100nmi_450kt_fan,oew_prop_r_pivot,0.0,0.0,0.0,18
E[Hydrogen fuel cell]@100nmi_450kt_fan,calibration_block,3.8955361601862544,11.027851158602559,12.781147009964123,19
E[Hydrogen combustion]@100nmi_350kt_fan,e_battery_Wh_per_kg,0.0,0.0,0.0,20
E[Hydrogen combustion]@100nmi_350kt_fan,fuel_cell_specific_power_kW_per_kg,0.0,0.0,0.0,20
E[Hydrogen combustion]@100nmi_350kt_fan,eta_fuel_cell,0.0,0.0,0.0,20
E[Hydrogen combustion]@100nmi_350kt_fan,gamma_tank,-0.16476494562429306,0.16476494562429306,0.05414877569297458,20
E[Hydrogen combustion]@100nmi_350kt_fan,electricity,0.0,0.0,0.0,20
E[Hydrogen combustion]@100nmi_350kt_fan,liquid_hydrogen,-0.5020150830406618,0.5020150830406618,0.15913592009433786,20
E[Hydrogen combustion]@100nmi_350kt_fan,e_saf,0.0,0.0,0.0,20
E[Hydrogen combustion]@100nmi_350kt_fan,eta_motor,0.0,0.0,0.0,20
E[Hydrogen combustion]@100nmi_350kt_fan,eta_p_propeller,0.0,0.0,0.0,20
E[Hydrogen combustion]@100nmi_350kt_fan,eta_p_fan,0.0,0.0,0.0,20
E[Hydrogen combustion]@100nmi_350kt_fan,oew_fan_b,1.5224454299255927,1.5224454299255927,0.39215560255033216,20
E[Hydrogen combustion]@100nmi_350kt_fan,oew_fan_r_pivot,0.7532711297053727,0.7532711297053727,0.3817562997136522,20
E[Hydrogen combustion]@100nmi_350kt_fan,oew_prop_b,0.0,0.0,0.0,20
E[Hydrogen combustion]@100nmi_350kt_fan,oew_prop_r_pivot,0.0,0.0,0.0,20
E[Hydrogen combustion]@100nmi_350kt_fan,calibration_block,0.4340957872177249,0.5293791487229017,0.37793449283276886,20
E[Hydrogen combustion]@100nmi_450kt_fan,e_battery_Wh_per_kg,0.0,0.0,0.0,20
E[Hydrogen combustion]@100nmi_450kt_fan,fuel_cell_specific_power_kW_per_kg,0.0,0.0,0.0,20
E[Hydrogen combustion]@100nmi_450kt_fan,eta_fuel_cell,0.0,0.0,0.0,20
E[Hydrogen combustion]@100nmi_450kt_fan,gamma_tank,-0.14976911383049712,0.14976911383049712,0.04936078353030621,20
E[Hydrogen combustion]@100nmi_450kt_fan,electricity,0.0,0.0,0.0,20
E[Hydrogen combustion]@100nmi_450kt_fan,liquid_hydrogen,-0.4463815488419319,0.4463815488419319,0.1416153001161717,20
E[Hydrogen combustion]@100nmi_450kt_fan,e_saf,0.0,0.0,0.0,20
E[Hydrogen combustion]@100nmi_450kt_fan,eta_motor,0.0,0.0,0.0,20
E[Hydrogen combustion]@100nmi_450kt_fan,eta_p_propeller,0.0,0.0,0.0,20
E[Hydrogen combustion]@100nmi_450kt_fan,eta_p_fan,0.0,0.0,0.0,20
E[Hydrogen combustion]@100nmi_450kt_fan,oew_fan_b,1.371207901510196,1.371207901510196,0.3525031017665674,20
E[Hydrogen combustion]@100nmi_450kt_fan,oew_fan_r_pivot,0.678114307413451,0.678114307413451,0.3437786106688638,20
E[Hydrogen combustion]@100nmi_450kt_fan,oew_prop_b,0.0,0.0,0.0,20
E[Hydrogen combustion]@100nmi_450kt_fan,oew_prop_r_pivot,0.0,0.0,0.0,20
E[Hydrogen combustion]@100nmi_450kt_fan,calibration_block,0.3449405291409071,0.439292776711226,0.32169040704693874,20
E[Hydrogen combustion]@1500nmi_450kt_fan,e_battery_Wh_per_kg,0.0,0.0,0.0,20
E[Hydrogen combustion]@1500nmi_450kt_fan,fuel_cell_specific_power_kW_per_kg,0.0,0.0,0.0,20
E[Hydrogen combustion]@1500nmi_450kt_fan,eta_fuel_cell,0.0,0.0,0.0,20
E[Hydrogen combustion]@1500nmi_450kt_fan,gamma_tank,-0.17608718749470748,0.17608718749470748,0.0464867865914545,20
E[Hydrogen combustion]@1500nmi_450kt_fan,electricity,0.0,0.0,0.0,20
E[Hydrogen combustion]@1500nmi_450kt_fan,liquid_hydrogen,-0.24464717067819636,0.24464717067819636,0.0771439631206751,20
E[Hydrogen combustion]@1500nmi_450kt_fan,e_saf,0.0,0.0,0.0,20
E[Hydrogen combustion]@1500nmi_450kt_fan,eta_motor,0.0,0.0,0.0,20
E[Hydrogen combustion]@1500nmi_450kt_fan,eta_p_propeller,0.0,0.0,0.0,20
E[Hydrogen combustion]@1500nmi_450kt_fan,eta_p_fan,0.0,0.0,0.0,20
E[Hydrogen combustion]@1500nmi_450kt_fan,oew_fan_b,0.4353765894516699,0.4353765894516699,0.08518138615831668,20
E[Hydrogen combustion]@1500nmi_450kt_fan,oew_fan_r_pivot,0.3926470068634471,0.3926470068634471,0.1781992268412115,20
E[Hydrogen combustion]@1500nmi_450kt_fan,oew_prop_b,0.0,0.0,0.0,20
E[Hydrogen combustion]@1500nmi_450kt_fan,oew_prop_r_pivot,0.0,0.0,0.0,20
E[Hydrogen combustion]@1500nmi_450kt_fan,calibration_block,0.1752826007751516,0.23240347701884492,0.17302057687163616,20
E[Hydrogen combustion]@6000nmi_450kt_fan,e_battery_Wh_per_kg,0.0,0.0,0.0,20
E[Hydrogen combustion]@6000nmi_450kt_fan,fuel_cell_specific_power_kW_per_kg,0.0,0.0,0.0,20
E[Hydrogen combustion]@6000nmi_450kt_fan,eta_fuel_cell,0.0,0.0,0.0,20
E[Hydrogen combustion]@6000nmi_450kt_fan,gamma_tank,-0.4543714068401524,0.4543714068401524,0.19123224534620478,20
E[Hydrogen combustion]@6000nmi_450kt_fan,electricity,0.0,0.0,0.0,20
E[Hydrogen combustion]@6000nmi_450kt_fan,liquid_hydrogen,-0.2445143035606403,0.2445143035606403,0.0868504439187437,20
E[Hydrogen combustion]@6000nmi_450kt_fan,e_saf,0.0,0.0,0.0,20
E[Hydrogen combustion]@6000nmi_450kt_fan,eta_motor,0.0,0.0,0.0,20
E[Hydrogen combustion]@6000nmi_450kt_fan,eta_p_propeller,0.0,0.0,0.0,20
E[Hydrogen combustion]@6000nmi_450kt_fan,eta_p_fan,0.0,0.0,0.0,20
E[Hydrogen combustion]@6000nmi_450kt_fan,oew_fan_b,-0.799187024270739,0.799187024270739,0.35596439079240383,20
E[Hydrogen combustion]@6000nmi_450kt_fan,oew_fan_r_pivot,0.4703723019554381,0.4703723019554381,0.2582252881249606,20
E[Hydrogen combustion]@6000nmi_450kt_fan,oew_prop_b,0.0,0.0,0.0,20
E[Hydrogen combustion]@6000nmi_450kt_fan,oew_prop_r_pivot,0.0,0.0,0.0,20
E[Hydrogen combustion]@6000nmi_450kt_fan,calibration_block,0.15935255090542894,0.22408063917779947,0.17337907168796815,20
E[Hydrogen combustion]@1500nmi_250kt_propeller,e_battery_Wh_per_kg,0.0,0.0,0.0,20
E[Hydrogen combustion]@1500nmi_250kt_propeller,fuel_cell_specific_power_kW_per_kg,0.0,0.0,0.0,20
E[Hydrogen combustion]@1500nmi_250kt_propeller,eta_fuel_cell,0.0,0.0,0.0,20
E[Hydrogen combustion]@1500nmi_250kt_propeller,gamma_tank,-0.3548206506071248,0.3548206506071248,0.0857899659228324,20
E[Hydrogen combustion]@1500nmi_250kt_propeller,electricity,0.0,0.0,0.0,20
E[Hydrogen combustion]@1500nmi_250kt_propeller,liquid_hydrogen,-0.37318360967469727,0.37318360967469727,0.12117672952445732,20
E[Hydrogen combustion]@1500nmi_250kt_propeller,e_saf,0.0,0.0,0.0,20
E[Hydrogen combustion]@1500nmi_250kt_propeller,eta_motor,0.0,0.0,0.0,20
E[Hydrogen combustion]@1500nmi_250kt_propeller,eta_p_propeller,-0.4503149537250759,0.4503149537250759,0.14608904664573824,20
E[Hydrogen combustion]@1500nmi_250kt_propeller,eta_p_fan,0.0,0.0,0.0,20
E[Hydrogen combustion]@1500nmi_250kt_propeller,oew_fan_b,0.5048793943320852,0.5048793943320852,0.14618879145609176,20
E[Hydrogen combustion]@1500nmi_250kt_propeller,oew_fan_r_pivot,0.5067915141244193,0.5067915141244193,0.3179867558037559,20
E[Hydrogen combustion]@1500nmi_250kt_propeller,oew_prop_b,-0.11681422543719211,0.11681422543719211,0.09417042669968892,20
E[Hydrogen combustion]@1500nmi_250kt_propeller,oew_prop_r_pivot,0.0831921286479629,0.0831921286479629,0.09492063167005722,20
E[Hydrogen combustion]@1500nmi_250kt_propeller,calibration_block,0.19046629688676506,0.3448979080274831,0.32602993904148625,20
E[e-SAF combustion]@100nmi_350kt_fan,e_battery_Wh_per_kg,0.0,0.0,0.0,20
E[e-SAF combustion]@100nmi_350kt_fan,fuel_cell_specific_power_kW_per_kg,0.0,0.0,0.0,20
E[e-SAF combustion]@100nmi_350kt_fan,eta_fuel_cell,0.0,0.0,0.0,20
E[e-SAF combustion]@100nmi_350kt_fan,gamma_tank,0.0,0.0,0.0,20
E[e-SAF combustion]@100nmi_350kt_fan,electricity,0.0,0.0,0.0,20
E[e-SAF combustion]@100nmi_350kt_fan,liquid_hydrogen,-1.11579428069385,1.11579428069385,1.0696730903288034,20
E[e-SAF combustion]@100nmi_350kt_fan,e_saf,-1.9374195495532043,1.9374195495532043,1.1623827219274343,20
E[e-SAF combustion]@100nmi_350kt_fan,eta_motor,0.0,0.0,0.0,20
E[e-SAF combustion]@100nmi_350kt_fan,eta_p_propeller,0.0,0.0,0.0,20
E[e-SAF combustion]@100nmi_350kt_fan,eta_p_fan,0.0,0.0,0.0,20
E[e-SAF combustion]@100nmi_350kt_fan,oew_fan_b,1.7879225006979873,1.7879225006979873,0.4425278547246565,20
E[e-SAF combustion]@100nmi_350kt_fan,oew_fan_r_pivot,0.8270941223059778,0.8270941223059778,0.39810409495093285,20
E[e-SAF combustion]@100nmi_350kt_fan,oew_prop_b,0.0,0.0,0.0,20
E[e-SAF combustion]@100nmi_350kt_fan,oew_prop_r_pivot,0.0,0.0,0.0,20
E[e-SAF combustion]@100nmi_350kt_fan,calibration_block,0.618860022981538,0.7599926232686548,0.5439213830806466,20
E[e-SAF combustion]@1500nmi_450kt_fan,e_battery_Wh_per_kg,0.0,0.0,0.0,20
E[e-SAF combustion]@1500nmi_450kt_fan,fuel_cell_specific_power_kW_per_kg,0.0,0.0,0.0,20
E[e-SAF combustion]@1500nmi_450kt_fan,eta_fuel_cell,0.0,0.0,0.0,20
E[e-SAF combustion]@1500nmi_450kt_fan,gamma_tank,0.0,0.0,0.0,20
E[e-SAF combustion]@1500nmi_450kt_fan,electricity,0.0,0.0,0.0,20
E[e-SAF combustion]@1500nmi_450kt_fan,liquid_hydrogen,-0.5507584909237057,0.5507584909237057,0.5287620588870181,20
E[e-SAF combustion]@1500nmi_450kt_fan,e_saf,-0.9568907163830691,0.9568907163830691,0.5620850101168987,20
E[e-SAF combustion]@1500nmi_450kt_fan,eta_motor,0.0,0.0,0.0,20
E[e-SAF combustion]@1500nmi_450kt_fan,eta_p_propeller,0.0,0.0,0.0,20
E[e-SAF combustion]@1500nmi_450kt_fan,eta_p_fan,0.0,0.0,0.0,20
E[e-SAF combustion]@1500nmi_450kt_fan,oew_fan_b,0.5866518639958901,0.5866518639958901,0.12814453726846295,20
E[e-SAF combustion]@1500nmi_450kt_fan,oew_fan_r_pivot,0.48122885796276577,0.48122885796276577,0.21927740822908764,20
E[e-SAF combustion]@1500nmi_450kt_fan,oew_prop_b,0.0,0.0,0.0,20
E[e-SAF combustion]@1500nmi_450kt_fan,oew_prop_r_pivot,0.0,0.0,0.0,20
E[e-SAF combustion]@1500nmi_450kt_fan,calibration_block,0.25457283038434597,0.3390526493783237,0.25443376857299055,20
E[e-SAF combustion]@6000nmi_450kt_fan,e_battery_Wh_per_kg,0.0,0.0,0.0,20
E[e-SAF combustion]@6000nmi_450kt_fan,fuel_cell_specific_power_kW_per_kg,0.0,0.0,0.0,20
E[e-SAF combustion]@6000nmi_450kt_fan,eta_fuel_cell,0.0,0.0,0.0,20
E[e-SAF combustion]@6000nmi_450kt_fan,gamma_tank,0.0,0.0,0.0,20
E[e-SAF combustion]@6000nmi_450kt_fan,electricity,0.0,0.0,0.0,20
E[e-SAF combustion]@6000nmi_450kt_fan,liquid_hydrogen,-0.5856715380001969,0.5856715380001969,0.5876989291420385,20
E[e-SAF combustion]@6000nmi_450kt_fan,e_saf,-1.0095859966549807,1.0095859966549807,0.5906523435264623,20
E[e-SAF combustion]@6000nmi_450kt_fan,eta_motor,0.0,0.0,0.0,20
E[e-SAF combustion]@6000nmi_450kt_fan,eta_p_propeller,0.0,0.0,0.0,20
E[e-SAF combustion]@6000nmi_450kt_fan,eta_p_fan,0.0,0.0,0.0,20
E[e-SAF combustion]@6000nmi_450kt_fan,oew_fan_b,-1.1384344470454777,1.1384344470454777,0.48329572587536224,20
E[e-SAF combustion]@6000nmi_450kt_fan,oew_fan_r_pivot,0.6686677712222002,0.6686677712222002,0.3755207439067966,20
E[e-SAF combustion]@6000nmi_450kt_fan,oew_prop_b,0.0,0.0,0.0,20
E[e-SAF combustion]@6000nmi_450kt_fan,oew_prop_r_pivot,0.0,0.0,0.0,20
E[e-SAF combustion]@6000nmi_450kt_fan,calibration_block,0.243965197248938,0.3406178743652968,0.2658256393286108,20
E[e-SAF combustion]@1500nmi_250kt_propeller,e_battery_Wh_per_kg,0.0,0.0,0.0,20
E[e-SAF combustion]@1500nmi_250kt_propeller,fuel_cell_specific_power_kW_per_kg,0.0,0.0,0.0,20
E[e-SAF combustion]@1500nmi_250kt_propeller,eta_fuel_cell,0.0,0.0,0.0,20
E[e-SAF combustion]@1500nmi_250kt_propeller,gamma_tank,0.0,0.0,0.0,20
E[e-SAF combustion]@1500nmi_250kt_propeller,electricity,0.0,0.0,0.0,20
E[e-SAF combustion]@1500nmi_250kt_propeller,liquid_hydrogen,-0.8341342105607106,0.8341342105607106,0.805148203272782,20
E[e-SAF combustion]@1500nmi_250kt_propeller,e_saf,-1.4684498419553778,1.4684498419553778,0.8814379693351885,20
E[e-SAF combustion]@1500nmi_250kt_propeller,eta_motor,0.0,0.0,0.0,20
E[e-SAF combustion]@1500nmi_250kt_propeller,eta_p_propeller,-0.6876461293845454,0.6876461293845454,0.2532455705438546,20
E[e-SAF combustion]@1500nmi_250kt_propeller,eta_p_fan,0.0,0.0,0.0,20
E[e-SAF combustion]@1500nmi_250kt_propeller,oew_fan_b,0.6715441250902339,0.6715441250902339,0.21520638403741418,20
E[e-SAF combustion]@1500nmi_250kt_propeller,oew_fan_r_pivot,0.6101235679472687,0.6101235679472687,0.3840071499787398,20
E[e-SAF combustion]@1500nmi_250kt_propeller,oew_prop_b,-0.14135752052091433,0.14135752052091433,0.1126854386504368,20
E[e-SAF combustion]@1500nmi_250kt_propeller,oew_prop_r_pivot,0.11505537517473519,0.11505537517473519,0.1192647210208442,20
E[e-SAF combustion]@1500nmi_250kt_propeller,calibration_block,0.26746191330550867,0.49426614942923,0.47434552600110924,20
