fattore,ST,N
calibration_block,0.4855541478134183,64
fuel_cell_specific_power_kW_per_kg,0.22188319742290125,64
others,0.16969065899615549,64
eta_fuel_cell,0.05452640657034791,64
eta_motor,0.027533076124294002,64
e_battery_Wh_per_kg,0.013028672559435513,64
e_saf,0.00698360864975405,64
liquid_hydrogen,0.004540498327088911,64
gamma_tank,0.0039856820107470195,64
eta_p_fan,0.002188315928079703,64
eta_p_propeller,0.0019265974363143884,64
electricity,1.4945454017171298e-05,64
calibration_block,0.5026417961948251,128
fuel_cell_specific_power_kW_per_kg,0.22251829353189626,128
others,0.17224707568984313,128
eta_fuel_cell,0.05642468275550678,128
eta_motor,0.031497612890556304,128
e_battery_Wh_per_kg,0.010155419800423194,128
e_saf,0.007219068590034052,128
gamma_tank,0.004386365453914263,128
liquid_hydrogen,0.0033669428178254453,128
eta_p_fan,0.0024506177239420443,128
eta_p_propeller,0.002008942036517179,128
electricity,1.4716635703426261e-05,128
calibration_block,0.49938861238466226,256
fuel_cell_specific_power_kW_per_kg,0.22125063453435437,256
others,0.16262665891110187,256
eta_fuel_cell,0.05686738615577813,256
eta_motor,0.0319958176456809,256
e_battery_Wh_per_kg,0.013402029794515779,256
e_saf,0.007070935351172168,256
gamma_tank,0.00446380602363566,256
liquid_hydrogen,0.003239676861373778,256
eta_p_fan,0.0026050012632468714,256
eta_p_propeller,0.002188151008676761,256
electricity,1.728788856681155e-05,256
calibration_block,0.511649994160768,512
fuel_cell_specific_power_kW_per_kg,0.2134865984612304,512
others,0.16120566434883327,512
eta_fuel_cell,0.05528221945891637,512
eta_motor,0.0315713351417804,512
e_battery_Wh_per_kg,0.0131393121630953,512
e_saf,0.006967578359528048,512
gamma_tank,0.004362686495366489,512
liquid_hydrogen,0.003243929111492098,512
eta_p_fan,0.0025357348471962294,512
eta_p_propeller,0.0022372880334300387,512
electricity,1.703302994779016e-05,512
calibration_block,0.5203056470846715,1024
fuel_cell_specific_power_kW_per_kg,0.21526554109344356,1024
others,0.16243697431522983,1024
eta_fuel_cell,0.055665713024240435,1024
eta_motor,0.03173704406712907,1024
e_battery_Wh_per_kg,0.013697290025572295,1024
e_saf,0.007079567963934592,1024
gamma_tank,0.00440348304108349,1024
liquid_hydrogen,0.0032828473987100678,1024
eta_p_fan,0.0026221045743105623,1024
eta_p_propeller,0.0022301697436105973,1024
electricity,1.7914802922155515e-05,1024
