fattore,ST,ST_lo,ST_hi,disp_lo,disp_hi,ST_min,ST_max,quota_leader,n_punti,pesi,spread_lo,spread_hi
calibration_block,0.5203056470846715,0.48061220138106203,0.5500578387339856,0.0008020627350717304,0.996601513158123,0.0006941224027682529,1.0356732613975825,0.5351321924303072,7985,varianza,10,90
fuel_cell_specific_power_kW_per_kg,0.21526554109344356,0.2001232623645231,0.23611972256657743,0.0,0.6822826963163866,0.0,0.7619401849707209,0.29088788392709436,7985,varianza,10,90
others,0.16243697431522983,0.1473636290793394,0.1832706125328828,0.0017296432027592722,0.520074507142844,0.0,0.9405921877323599,0.13738095601552341,7985,varianza,10,90
eta_fuel_cell,0.055665713024240435,0.05040214418706921,0.060650207038857325,0.0,0.14180114580843292,0.0,0.5396397648651934,0.010898876283297184,7985,varianza,10,90
eta_motor,0.03173704406712907,0.028982421118361464,0.03571203930764882,0.0,0.07917914848663805,0.0,0.13549092601867116,0.0,7985,varianza,10,90
e_battery_Wh_per_kg,0.013697290025572295,0.012314196772217696,0.015119465525044997,0.0,0.0,0.0,1.0367412185714426,0.015090501442230796,7985,varianza,10,90
e_saf,0.007079567963934592,0.006446276178045813,0.007861494819158347,0.0,0.00177192433058798,0.0,0.6657450709302182,0.010457475682280486,7985,varianza,10,90
gamma_tank,0.00440348304108349,0.003990040941498485,0.004873458365881241,0.0,0.008737800354737252,0.0,0.3456599342001599,0.00015211421926655108,7985,varianza,10,90
liquid_hydrogen,0.0032828473987100678,0.002978571935894937,0.0036654529886543784,0.00014526008796377445,0.0021777134289083506,0.0,0.22050532352897273,0.0,7985,varianza,10,90
eta_p_fan,0.0026221045743105623,0.002345472351208244,0.002937002596802461,0.0,0.0073149432974734035,0.0,0.08586768116923588,0.0,7985,varianza,10,90
eta_p_propeller,0.0022301697436105973,0.00199373679017034,0.0024686796495235566,0.0,0.0014497800977229835,0.0,0.21649150527459168,0.0,7985,varianza,10,90
electricity,1.7914802922155515e-05,1.6395164981817133e-05,1.9944385692507897e-05,0.0,0.0,0.0,0.003644148036277722,0.0,7985,varianza,10,90
