output,fattore,S1,S1_lo,S1_hi,ST,ST_lo,ST_hi,interazione,n_valid,frazione_valida,N,trasformazione
E[Battery-electric]@10nmi_200kt_propeller,oew_fan_b,0.0,0.0,0.0,0.0,0.0,0.0,0.0,2035,0.99365234375,2048,log
E[Battery-electric]@10nmi_200kt_propeller,oew_fan_r_pivot,0.0,0.0,0.0,0.0,0.0,0.0,0.0,2035,0.99365234375,2048,log
E[Battery-electric]@10nmi_200kt_propeller,eta_motor,0.04296525201628176,0.02961920692971998,0.05933979157089124,0.07538445228837967,0.059040943249768364,0.09387690331778002,0.03241920027209791,2031,0.99169921875,2048,log
E[Battery-electric]@10nmi_200kt_propeller,calibration_block,0.0376711910663173,0.02391118424196051,0.0499097134614955,0.05814178724044088,0.04603295222992122,0.07796200344642072,0.020470596174123584,2033,0.99267578125,2048,log
E[Battery-electric]@10nmi_200kt_propeller,e_battery_Wh_per_kg,0.83500131813729,0.7385395311591141,0.9430353248556761,0.8919589754782601,0.8246376892304317,0.9793080491905913,0.056957657340970136,2027,0.98974609375,2048,log
E[Battery-electric]@10nmi_200kt_propeller,fuel_cell_specific_power_kW_per_kg,0.0,0.0,0.0,0.0,0.0,0.0,0.0,2035,0.99365234375,2048,log
E[Battery-electric]@10nmi_200kt_propeller,eta_fuel_cell,0.0,0.0,0.0,0.0,0.0,0.0,0.0,2035,0.99365234375,2048,log
E[Battery-electric]@10nmi_200kt_propeller,liquid_hydrogen,0.0,0.0,0.0,0.0,0.0,0.0,0.0,2035,0.99365234375,2048,log
E[Battery-electric]@10nmi_200kt_propeller,e_saf,0.0,0.0,0.0,0.0,0.0,0.0,0.0,2035,0.99365234375,2048,log
E[Battery-electric]@10nmi_200kt_propeller,gamma_tank,0.0,0.0,0.0,0.0,0.0,0.0,0.0,2035,0.99365234375,2048,log
E[Battery-electric]@10nmi_200kt_propeller,eta_p_propeller,0.019134627238237382,0.007416882460993706,0.02871823778839551,0.038181918116340065,0.031126228719879696,0.0473621350347916,0.019047290878102682,2032,0.9921875,2048,log
E[Battery-electric]@10nmi_200kt_propeller,eta_p_fan,0.0,0.0,0.0,0.0,0.0,0.0,0.0,2035,0.99365234375,2048,log
E[Battery-electric]@10nmi_200kt_propeller,resto,0.0028296503753680396,5.145357633947654e-05,0.005215333423359908,0.002153539045384859,0.0019245136002558033,0.002412796044179161,-0.0006761113299831806,2035,0.99365234375,2048,log
E[Battery-electric]@10nmi_250kt_propeller,oew_fan_b,0.0,0.0,0.0,0.0,0.0,0.0,0.0,1806,0.8818359375,2048,log
E[Battery-electric]@10nmi_250kt_propeller,oew_fan_r_pivot,0.0,0.0,0.0,0.0,0.0,0.0,0.0,1806,0.8818359375,2048,log
E[Battery-electric]@10nmi_250kt_propeller,eta_motor,0.03651458872657962,0.013277518669951832,0.05356543767874004,0.10241818856579747,0.08377780655280737,0.12138635333588825,0.06590359983921784,1784,0.87109375,2048,log
E[Battery-electric]@10nmi_250kt_propeller,calibration_block,0.019488694879859363,0.00716400621758126,0.031035007835754327,0.044096789089634894,0.033225284404907095,0.05694733008913181,0.02460809420977553,1795,0.87646484375,2048,log
E[Battery-electric]@10nmi_250kt_propeller,e_battery_Wh_per_kg,0.7629236871169424,0.6897045395057426,0.839487361198303,0.9102644333684138,0.8542494318862457,0.9766495879554372,0.14734074625147142,1777,0.86767578125,2048,log
E[Battery-electric]@10nmi_250kt_propeller,fuel_cell_specific_power_kW_per_kg,0.0,0.0,0.0,0.0,0.0,0.0,0.0,1806,0.8818359375,2048,log
E[Battery-electric]@10nmi_250kt_propeller,eta_fuel_cell,0.0,0.0,0.0,0.0,0.0,0.0,0.0,1806,0.8818359375,2048,log
E[Battery-electric]@10nmi_250kt_propeller,liquid_hydrogen,0.0,0.0,0.0,0.0,0.0,0.0,0.0,1806,0.8818359375,2048,log
E[Battery-electric]@10nmi_250kt_propeller,e_saf,0.0,0.0,0.0,0.0,0.0,0.0,0.0,1806,0.8818359375,2048,log
E[Battery-electric]@10nmi_250kt_propeller,gamma_tank,0.0,0.0,0.0,0.0,0.0,0.0,0.0,1806,0.8818359375,2048,log
E[Battery-electric]@10nmi_250kt_propeller,eta_p_propeller,0.02378463021847681,0.010921431029267618,0.039997502039736205,0.05365688657391225,0.04351391901938195,0.06429264768593337,0.02987225635543544,1798,0.8779296875,2048,log
E[Battery-electric]@10nmi_250kt_propeller,eta_p_fan,0.0,0.0,0.0,0.0,0.0,0.0,0.0,1806,0.8818359375,2048,log
E[Battery-electric]@10nmi_250kt_propeller,resto,0.0008032191251533719,-0.001164455021405052,0.002462667704671114,0.0010104728898335876,0.0009094132705095436,0.0011456363153388982,0.00020725376468021565,1806,0.8818359375,2048,log
E[Battery-electric]@20nmi_250kt_propeller,oew_fan_b,0.0,0.0,0.0,0.0,0.0,0.0,0.0,1442,0.7041015625,2048,log
E[Battery-electric]@20nmi_250kt_propeller,oew_fan_r_pivot,0.0,0.0,0.0,0.0,0.0,0.0,0.0,1442,0.7041015625,2048,log
E[Battery-electric]@20nmi_250kt_propeller,eta_motor,0.05306836251697413,0.027573051809850067,0.07596426244252631,0.1290279750587257,0.11062820252964638,0.148693897387036,0.07595961254175157,1410,0.6884765625,2048,log
E[Battery-electric]@20nmi_250kt_propeller,calibration_block,0.017801459853097886,-0.0007470947371333083,0.03357731016785771,0.0582200020978371,0.045746971719641046,0.07042151797199664,0.04041854224473922,1425,0.69580078125,2048,log
E[Battery-electric]@20nmi_250kt_propeller,e_battery_Wh_per_kg,0.6529957173200687,0.5568347673773864,0.7321258952829306,0.8677959730638589,0.7869986118559085,0.9337786853730599,0.21480025574379025,1402,0.6845703125,2048,log
E[Battery-electric]@20nmi_250kt_propeller,fuel_cell_specific_power_kW_per_kg,0.0,0.0,0.0,0.0,0.0,0.0,0.0,1442,0.7041015625,2048,log
E[Battery-electric]@20nmi_250kt_propeller,eta_fuel_cell,0.0,0.0,0.0,0.0,0.0,0.0,0.0,1442,0.7041015625,2048,log
E[Battery-electric]@20nmi_250kt_propeller,liquid_hydrogen,0.0,0.0,0.0,0.0,0.0,0.0,0.0,1442,0.7041015625,2048,log
E[Battery-electric]@20nmi_250kt_propeller,e_saf,0.0,0.0,0.0,0.0,0.0,0.0,0.0,1442,0.7041015625,2048,log
E[Battery-electric]@20nmi_250kt_propeller,gamma_tank,0.0,0.0,0.0,0.0,0.0,0.0,0.0,1442,0.7041015625,2048,log
E[Battery-electric]@20nmi_250kt_propeller,eta_p_propeller,0.024942447085099625,-0.0012165450994364036,0.0518015340370808,0.07686024697657594,0.06294772315266316,0.09411175626835686,0.05191779989147631,1419,0.69287109375,2048,log
E[Battery-electric]@20nmi_250kt_propeller,eta_p_fan,0.0,0.0,0.0,0.0,0.0,0.0,0.0,1442,0.7041015625,2048,log
E[Battery-electric]@20nmi_250kt_propeller,resto,0.000862066907332207,-0.0011957455720769347,0.002779005714063507,0.0007967259486983634,0.0007255425794965866,0.0008709441972975754,-6.534095863384352e-05,1442,0.7041015625,2048,log
E[Battery-electric]@5nmi_300kt_fan,oew_fan_b,0.0,0.0,0.0,0.0,0.0,0.0,0.0,1299,0.63427734375,2048,log
E[Battery-electric]@5nmi_300kt_fan,oew_fan_r_pivot,0.0,0.0,0.0,0.0,0.0,0.0,0.0,1299,0.63427734375,2048,log
E[Battery-electric]@5nmi_300kt_fan,eta_motor,0.03519408646958248,0.00352433103624373,0.0677565035023299,0.1532487173509403,0.12615175556410752,0.1815067049581285,0.11805463088135783,1267,0.61865234375,2048,log
E[Battery-electric]@5nmi_300kt_fan,calibration_block,0.012592082789563107,-0.00021937791979491597,0.025034613716957147,0.03537470061506816,0.027957868838347007,0.04423135693879349,0.02278261782550505,1289,0.62939453125,2048,log
E[Battery-electric]@5nmi_300kt_fan,e_battery_Wh_per_kg,0.7745004046487092,0.6872003407697119,0.8525523853741113,0.9747550204780175,0.9079544001735614,1.0587585065966902,0.20025461582930837,1261,0.61572265625,2048,log
E[Battery-electric]@5nmi_300kt_fan,fuel_cell_specific_power_kW_per_kg,0.0,0.0,0.0,0.0,0.0,0.0,0.0,1299,0.63427734375,2048,log
E[Battery-electric]@5nmi_300kt_fan,eta_fuel_cell,0.0,0.0,0.0,0.0,0.0,0.0,0.0,1299,0.63427734375,2048,log
E[Battery-electric]@5nmi_300kt_fan,liquid_hydrogen,0.0,0.0,0.0,0.0,0.0,0.0,0.0,1299,0.63427734375,2048,log
E[Battery-electric]@5nmi_300kt_fan,e_saf,0.0,0.0,0.0,0.0,0.0,0.0,0.0,1299,0.63427734375,2048,log
E[Battery-electric]@5nmi_300kt_fan,gamma_tank,0.0,0.0,0.0,0.0,0.0,0.0,0.0,1299,0.63427734375,2048,log
E[Battery-electric]@5nmi_300kt_fan,eta_p_propeller,0.0,0.0,0.0,0.0,0.0,0.0,0.0,1299,0.63427734375,2048,log
E[Battery-electric]@5nmi_300kt_fan,eta_p_fan,0.03836337696244749,0.01450524711935091,0.06354673523598267,0.10737430857405618,0.08801261038401158,0.13180886840958653,0.06901093161160869,1277,0.62353515625,2048,log
E[Battery-electric]@5nmi_300kt_fan,resto,0.00154499524214909,-0.000572854686514096,0.004225648974928631,0.0007692660686817849,0.0006900099559470882,0.0008534624931463069,-0.0007757291734673051,1299,0.63427734375,2048,log
E[Hydrogen fuel cell]@100nmi_200kt_propeller,oew_fan_b,0.07238231392374442,0.0540987746763676,0.08930465642889687,0.07679263437391473,0.07115433937981541,0.08389813335702657,0.004410320450170313,2048,1.0,2048,log
E[Hydrogen fuel cell]@100nmi_200kt_propeller,oew_fan_r_pivot,0.022268335677760532,0.011525319843864236,0.03196071956259789,0.023736173807651948,0.021394524604445693,0.025851326899655688,0.0014678381298914162,2048,1.0,2048,log
E[Hydrogen fuel cell]@100nmi_200kt_propeller,eta_motor,0.11282154668167581,0.0924526608406969,0.135073487701822,0.11282554913090441,0.10634319361111715,0.12059138484373806,4.002449228601712e-06,2048,1.0,2048,log
E[Hydrogen fuel cell]@100nmi_200kt_propeller,calibration_block,0.04358479891542331,0.03254284541506969,0.0551546576982315,0.034629305996707195,0.03248563478564773,0.036746733817420454,-0.008955492918716113,2048,1.0,2048,log
E[Hydrogen fuel cell]@100nmi_200kt_propeller,e_battery_Wh_per_kg,0.0,0.0,0.0,0.0,0.0,0.0,0.0,2048,1.0,2048,log
E[Hydrogen fuel cell]@100nmi_200kt_propeller,fuel_cell_specific_power_kW_per_kg,0.2630155565249139,0.23052699760974008,0.28816761287031933,0.26003269440807536,0.24212052511467183,0.2784180890901327,-0.002982862116838514,2048,1.0,2048,log
E[Hydrogen fuel cell]@100nmi_200kt_propeller,eta_fuel_cell,0.4226574236027427,0.38570866784086383,0.46718804379922246,0.4220035642925045,0.3987331742867213,0.44671442772233305,-0.0006538593102382029,2048,1.0,2048,log
E[Hydrogen fuel cell]@100nmi_200kt_propeller,liquid_hydrogen,0.02458308068763737,0.015816878490997922,0.033279759649351495,0.02384208188096178,0.022153805181187352,0.025588321640551408,-0.0007409988066755906,2048,1.0,2048,log
E[Hydrogen fuel cell]@100nmi_200kt_propeller,e_saf,0.0,0.0,0.0,0.0,0.0,0.0,0.0,2048,1.0,2048,log
E[Hydrogen fuel cell]@100nmi_200kt_propeller,gamma_tank,0.0059603786137914965,0.001579949271393021,0.010286010263453311,0.005171304934643783,0.0048213409118996395,0.005552016728961996,-0.0007890736791477133,2048,1.0,2048,log
E[Hydrogen fuel cell]@100nmi_200kt_propeller,eta_p_propeller,0.024186555845219098,0.015339709091329493,0.033428271523874016,0.02388949199191047,0.022303084618092783,0.025563140103605185,-0.0002970638533086288,2048,1.0,2048,log
E[Hydrogen fuel cell]@100nmi_200kt_propeller,eta_p_fan,0.0,0.0,0.0,0.0,0.0,0.0,0.0,2048,1.0,2048,log
E[Hydrogen fuel cell]@100nmi_200kt_propeller,resto,0.020680534639018384,0.011517364642434538,0.029440699675383444,0.02187156197773188,0.020193895462153864,0.02369886778047246,0.0011910273387134955,2048,1.0,2048,log
E[Hydrogen fuel cell]@100nmi_300kt_propeller,oew_fan_b,0.012794901103527661,0.004597686065420552,0.020670432206939357,0.01604708850062046,0.012016723389354195,0.020533738367347988,0.003252187397092798,2048,1.0,2048,log
E[Hydrogen fuel cell]@100nmi_300kt_propeller,oew_fan_r_pivot,0.004830390870233644,-0.0007607709707997829,0.010653020758458412,0.005345230889436649,0.004408875739339541,0.006601215023638784,0.0005148400192030046,2048,1.0,2048,log
E[Hydrogen fuel cell]@100nmi_300kt_propeller,eta_motor,0.008418868067002962,-0.005948821483080984,0.022408779384261817,0.02417083441974669,0.02006005480520281,0.0289756875657713,0.01575196635274373,2048,1.0,2048,log
E[Hydrogen fuel cell]@100nmi_300kt_propeller,calibration_block,0.744029769826577,0.5164446324979713,0.912953766089555,0.8139553300923277,0.71046523699658,0.918540268400157,0.0699255602657507,2048,1.0,2048,log
E[Hydrogen fuel cell]@100nmi_300kt_propeller,e_battery_Wh_per_kg,0.0,0.0,0.0,0.0,0.0,0.0,0.0,2048,1.0,2048,log
E[Hydrogen fuel cell]@100nmi_300kt_propeller,fuel_cell_specific_power_kW_per_kg,0.09563585976049639,0.06737286643609168,0.12058266927229216,0.09490915991056668,0.07783875909243475,0.11349778581679847,-0.0007266998499297073,2048,1.0,2048,log
E[Hydrogen fuel cell]@100nmi_300kt_propeller,eta_fuel_cell,0.06438782987745854,0.04744815678609014,0.08719623119561357,0.06839273090057338,0.05597591495966432,0.08209753326156384,0.004004901023114835,2048,1.0,2048,log
E[Hydrogen fuel cell]@100nmi_300kt_propeller,liquid_hydrogen,0.0029915495433881873,0.000834842172715729,0.005381918331656815,0.0021011511259675917,0.0017243466989864172,0.0025892610006030686,-0.0008903984174205956,2048,1.0,2048,log
E[Hydrogen fuel cell]@100nmi_300kt_propeller,e_saf,0.0,0.0,0.0,0.0,0.0,0.0,0.0,2048,1.0,2048,log
E[Hydrogen fuel cell]@100nmi_300kt_propeller,gamma_tank,0.0028978831951879105,0.00026597604444252335,0.00600179112077716,0.0011068781944733616,0.0009358246609380834,0.0013050458364185125,-0.0017910050007145489,2048,1.0,2048,log
E[Hydrogen fuel cell]@100nmi_300kt_propeller,eta_p_propeller,0.004298970558316765,0.001729385522813314,0.007463810999052581,0.003191583478858423,0.0026555618074587724,0.003897872468727204,-0.0011073870794583423,2048,1.0,2048,log
E[Hydrogen fuel cell]@100nmi_300kt_propeller,eta_p_fan,0.0,0.0,0.0,0.0,0.0,0.0,0.0,2048,1.0,2048,log
E[Hydrogen fuel cell]@100nmi_300kt_propeller,resto,0.002009527887519986,-0.0006321152318694569,0.004635269904260246,0.0018932385905216678,0.0015319605103162233,0.0023059150811705533,-0.00011628929699831819,2048,1.0,2048,log
E[Hydrogen fuel cell]@1500nmi_250kt_propeller,oew_fan_b,0.010386303526189949,0.0025124201937013787,0.018370839074937275,0.012648652735101658,0.01174733784207835,0.01372396928767567,0.0022623492089117094,2048,1.0,2048,log
E[Hydrogen fuel cell]@1500nmi_250kt_propeller,oew_fan_r_pivot,0.06270129916371252,0.0492493731806775,0.0786764752428993,0.06175220101893286,0.05691082566481625,0.06663639882302025,-0.0009490981447796559,2048,1.0,2048,log
E[Hydrogen fuel cell]@1500nmi_250kt_propeller,eta_motor,0.11948720292112823,0.09746087542193188,0.1397904159272381,0.12155442866823565,0.11395882446814773,0.1317281081617411,0.0020672257471074235,2048,1.0,2048,log
E[Hydrogen fuel cell]@1500nmi_250kt_propeller,calibration_block,0.02217792824225719,0.015117408916915917,0.028166824842355123,0.015136657130197382,0.014204912338884467,0.01631135774307103,-0.007041271112059808,2048,1.0,2048,log
E[Hydrogen fuel cell]@1500nmi_250kt_propeller,e_battery_Wh_per_kg,0.0,0.0,0.0,0.0,0.0,0.0,0.0,2048,1.0,2048,log
E[Hydrogen fuel cell]@1500nmi_250kt_propeller,fuel_cell_specific_power_kW_per_kg,0.28572897629213817,0.2549450297548689,0.31760030540782525,0.2874801696294367,0.26671452642824495,0.3063070377404377,0.0017511933372985067,2048,1.0,2048,log
E[Hydrogen fuel cell]@1500nmi_250kt_propeller,eta_fuel_cell,0.44532960401101934,0.4070337202894745,0.4847288437839569,0.4470833004332037,0.41825715516624157,0.4803906316734657,0.0017536964221843698,2048,1.0,2048,log
E[Hydrogen fuel cell]@1500nmi_250kt_propeller,liquid_hydrogen,0.012252644972751487,0.006073241101296337,0.018566068583516983,0.012251331081911357,0.01139843778861462,0.01324949083373084,-1.3138908401301441e-06,2048,1.0,2048,log
E[Hydrogen fuel cell]@1500nmi_250kt_propeller,e_saf,0.0,0.0,0.0,0.0,0.0,0.0,0.0,2048,1.0,2048,log
E[Hydrogen fuel cell]@1500nmi_250kt_propeller,gamma_tank,0.022805520690818565,0.013713216659919963,0.03189268017411936,0.02177404236292636,0.020376087767326533,0.023545060055699653,-0.0010314783278922053,2048,1.0,2048,log
E[Hydrogen fuel cell]@1500nmi_250kt_propeller,eta_p_propeller,0.024955351816755674,0.016523866225568222,0.03506294071924173,0.02459725184613351,0.023104451582848722,0.026458389877365804,-0.0003580999706221631,2048,1.0,2048,log
E[Hydrogen fuel cell]@1500nmi_250kt_propeller,eta_p_fan,0.0,0.0,0.0,0.0,0.0,0.0,0.0,2048,1.0,2048,log
E[Hydrogen fuel cell]@1500nmi_250kt_propeller,resto,0.0009467711558039083,-0.0012524134621709339,0.0029749023158595045,0.001466711258273203,0.0012090337452455404,0.0017461091182821504,0.0005199401024692948,2048,1.0,2048,log
E[Hydrogen fuel cell]@6000nmi_250kt_propeller,oew_fan_b,0.48738191406070774,0.44461687590755977,0.549890367070549,0.561149580776904,0.5248952297492365,0.6048922013910862,0.07376766671619628,2026,0.9892578125,2048,log
E[Hydrogen fuel cell]@6000nmi_250kt_propeller,oew_fan_r_pivot,0.01780085529835518,0.009156745450184486,0.027279630348260846,0.021665636779778445,0.018936248612178474,0.024413809420315305,0.0038647814814232635,2029,0.99072265625,2048,log
E[Hydrogen fuel cell]@6000nmi_250kt_propeller,eta_motor,0.053645556887083085,0.03852391165174673,0.06600746591090204,0.06266223389385867,0.0573921625855051,0.06884281858331347,0.00901667700677558,2029,0.99072265625,2048,log
E[Hydrogen fuel cell]@6000nmi_250kt_propeller,calibration_block,0.010739905171363294,0.005550132464674372,0.015891574551683156,0.007539172116560255,0.00688646731676773,0.008226689319094737,-0.0032007330548030396,2029,0.99072265625,2048,log
E[Hydrogen fuel cell]@6000nmi_250kt_propeller,e_battery_Wh_per_kg,0.0,0.0,0.0,0.0,0.0,0.0,0.0,2029,0.99072265625,2048,log
E[Hydrogen fuel cell]@6000nmi_250kt_propeller,fuel_cell_specific_power_kW_per_kg,0.06945646912101328,0.05135916042898851,0.09018724249757232,0.07816043780657361,0.07127566659070829,0.08580402599203818,0.008703968685560337,2027,0.98974609375,2048,log
E[Hydrogen fuel cell]@6000nmi_250kt_propeller,eta_fuel_cell,0.2546856922535417,0.21906276760176382,0.2868097813438995,0.2781666216525409,0.2556528230442456,0.29998443084131393,0.023480929398999206,2027,0.98974609375,2048,log
E[Hydrogen fuel cell]@6000nmi_250kt_propeller,liquid_hydrogen,0.0029943724451440548,8.187193363242596e-05,0.005988705847969923,0.0025052981573985334,0.0022946693626853497,0.0027509571263620992,-0.0004890742877455214,2029,0.99072265625,2048,log
E[Hydrogen fuel cell]@6000nmi_250kt_propeller,e_saf,0.0,0.0,0.0,0.0,0.0,0.0,0.0,2029,0.99072265625,2048,log
E[Hydrogen fuel cell]@6000nmi_250kt_propeller,gamma_tank,0.03846777786560751,0.02523545888049756,0.05353646467154763,0.046195297990420194,0.04036497602268718,0.05177728654170143,0.007727520124812683,2027,0.98974609375,2048,log
E[Hydrogen fuel cell]@6000nmi_250kt_propeller,eta_p_propeller,0.01384625133949949,0.00650374609284227,0.020521069853113024,0.01638340462495616,0.014990233691444848,0.017881757298520217,0.0025371532854566708,2029,0.99072265625,2048,log
E[Hydrogen fuel cell]@6000nmi_250kt_propeller,eta_p_fan,0.0,0.0,0.0,0.0,0.0,0.0,0.0,2029,0.99072265625,2048,log
E[Hydrogen fuel cell]@6000nmi_250kt_propeller,resto,-4.030606519652325e-05,-9.210555436595914e-05,-1.0855664992502643e-06,1.2091699969825007e-07,3.7134561149736323e-09,2.694182217873158e-07,4.04269821962215e-05,2029,0.99072265625,2048,log
E[Hydrogen fuel cell]@100nmi_350kt_fan,oew_fan_b,0.01861500209834117,-0.0023187614917891917,0.03816008632238769,0.08601314479777653,0.07305805978140967,0.0987353988954061,0.06739814269943535,2044,0.998046875,2048,log
E[Hydrogen fuel cell]@100nmi_350kt_fan,oew_fan_r_pivot,0.035829156340048705,0.022230998718930233,0.047854671677527834,0.0415991680783753,0.03769114137106706,0.04683375951266178,0.005770011738326593,2045,0.99853515625,2048,log
E[Hydrogen fuel cell]@100nmi_350kt_fan,eta_motor,0.07251830641942218,0.054518504170862125,0.090725656875612,0.0781514480220258,0.07145718588967875,0.08455062293634884,0.005633141602603614,2045,0.99853515625,2048,log
E[Hydrogen fuel cell]@100nmi_350kt_fan,calibration_block,0.0008439060877743142,-0.0012773237390559548,0.0029094154499383343,0.0010704383225699592,0.000981175811470009,0.0011616810016297607,0.00022653223479564494,2045,0.99853515625,2048,log
E[Hydrogen fuel cell]@100nmi_350kt_fan,e_battery_Wh_per_kg,0.0,0.0,0.0,0.0,0.0,0.0,0.0,2045,0.99853515625,2048,log
E[Hydrogen fuel cell]@100nmi_350kt_fan,fuel_cell_specific_power_kW_per_kg,0.7079575266124075,0.6500977377158504,0.7660606697360323,0.7514629269945011,0.6978247018725519,0.8086258138050495,0.043505400382093606,2045,0.99853515625,2048,log
E[Hydrogen fuel cell]@100nmi_350kt_fan,eta_fuel_cell,0.08360495575462402,0.0655763162716779,0.10191087930881805,0.09177986617776028,0.08516845780945066,0.10157364170155517,0.008174910423136256,2045,0.99853515625,2048,log
E[Hydrogen fuel cell]@100nmi_350kt_fan,liquid_hydrogen,0.0010167956168213813,-0.0009158358016259545,0.003182837057097752,0.0011002626324021331,0.0010178592925668907,0.0011912446891652903,8.34670155807518e-05,2045,0.99853515625,2048,log
E[Hydrogen fuel cell]@100nmi_350kt_fan,e_saf,0.0,0.0,0.0,0.0,0.0,0.0,0.0,2045,0.99853515625,2048,log
E[Hydrogen fuel cell]@100nmi_350kt_fan,gamma_tank,0.0022647236936735216,-0.00028830054375469916,0.004927213469600145,0.0021297067043458255,0.0019498008133539925,0.0023214754208429034,-0.0001350169893276961,2045,0.99853515625,2048,log
E[Hydrogen fuel cell]@100nmi_350kt_fan,eta_p_propeller,0.0,0.0,0.0,0.0,0.0,0.0,0.0,2045,0.99853515625,2048,log
E[Hydrogen fuel cell]@100nmi_350kt_fan,eta_p_fan,0.003965214043193351,-0.000656177120988335,0.00841738657799428,0.004312074202863509,0.003939793606915096,0.004655567068224974,0.0003468601596701582,2045,0.99853515625,2048,log
E[Hydrogen fuel cell]@100nmi_350kt_fan,resto,0.0,0.0,0.0,0.0,0.0,0.0,0.0,2045,0.99853515625,2048,log
E[Hydrogen fuel cell]@100nmi_450kt_fan,oew_fan_b,0.2840484221536202,0.24380704281489934,0.32820807962407955,0.34589878455786643,0.3211007081293058,0.383452805641025,0.06185036240424624,2002,0.9775390625,2048,log
E[Hydrogen fuel cell]@100nmi_450kt_fan,oew_fan_r_pivot,0.017261561372251544,0.008738099310915248,0.027753074617206365,0.022397475404036343,0.020381833683953143,0.02532948389276715,0.005135914031784799,2012,0.982421875,2048,log
E[Hydrogen fuel cell]@100nmi_450kt_fan,eta_motor,0.05264508873826707,0.038437558204843535,0.06686418096441123,0.06318068918966516,0.058963019607317646,0.06861460462232655,0.010535600451398085,2009,0.98095703125,2048,log
E[Hydrogen fuel cell]@100nmi_450kt_fan,calibration_block,0.00048655371798974803,-0.0011534757521864199,0.002125910741903446,0.0007452291216607211,0.0006843571327920277,0.000801599022367966,0.0002586754036709731,2013,0.98291015625,2048,log
E[Hydrogen fuel cell]@100nmi_450kt_fan,e_battery_Wh_per_kg,0.0,0.0,0.0,0.0,0.0,0.0,0.0,2013,0.98291015625,2048,log
E[Hydrogen fuel cell]@100nmi_450kt_fan,fuel_cell_specific_power_kW_per_kg,0.5124397892621393,0.4666753215824511,0.5611223328443495,0.5678793150025473,0.5229256204422811,0.6172381286750013,0.055439525740408,2003,0.97802734375,2048,log
E[Hydrogen fuel cell]@100nmi_450kt_fan,eta_fuel_cell,0.07210528079333146,0.055339225862554305,0.087921404442472,0.07509696635962758,0.06926684477091515,0.08200477037589307,0.002991685566296115,2010,0.9814453125,2048,log
E[Hydrogen fuel cell]@100nmi_450kt_fan,liquid_hydrogen,0.0010619784463835923,-0.0007211231816220069,0.002844696731713824,0.000909687332075993,0.0008386643736946939,0.000968343695392074,-0.00015229111430759934,2013,0.98291015625,2048,log
E[Hydrogen fuel cell]@100nmi_450kt_fan,e_saf,0.0,0.0,0.0,0.0,0.0,0.0,0.0,2013,0.98291015625,2048,log
E[Hydrogen fuel cell]@100nmi_450kt_fan,gamma_tank,0.0013452192208887174,-0.000984966318366266,0.003662954777758932,0.001190521034353064,0.0010454561955117651,0.0013785733761804387,-0.00015469818653565345,2013,0.98291015625,2048,log
E[Hydrogen fuel cell]@100nmi_450kt_fan,eta_p_propeller,0.0,0.0,0.0,0.0,0.0,0.0,0.0,2013,0.98291015625,2048,log
E[Hydrogen fuel cell]@100nmi_450kt_fan,eta_p_fan,0.002399965120041895,-0.0006737079194627757,0.005719877311305519,0.003495608190632254,0.00319481256960822,0.003799234953533018,0.0010956430705903594,2013,0.98291015625,2048,log
E[Hydrogen fuel cell]@100nmi_450kt_fan,resto,0.0,0.0,0.0,0.0,0.0,0.0,0.0,2013,0.98291015625,2048,log
E[Hydrogen combustion]@100nmi_350kt_fan,oew_fan_b,0.6347333678455755,0.5883685067928041,0.677346343694787,0.6317886277203538,0.5938552410083131,0.6687324805607189,-0.002944740125221723,2048,1.0,2048,log
E[Hydrogen combustion]@100nmi_350kt_fan,oew_fan_r_pivot,0.13948754682515713,0.11714403937209564,0.16063102138654337,0.1403914395149725,0.13088206447907944,0.14986495313274567,0.000903892689815361,2048,1.0,2048,log
E[Hydrogen combustion]@100nmi_350kt_fan,eta_motor,0.0,0.0,0.0,0.0,0.0,0.0,0.0,2048,1.0,2048,log
E[Hydrogen combustion]@100nmi_350kt_fan,calibration_block,0.09577564734015681,0.0779871828112061,0.11181953943484071,0.09922978493906821,0.09291996843196795,0.10532021816236642,0.0034541375989114026,2048,1.0,2048,log
E[Hydrogen combustion]@100nmi_350kt_fan,e_battery_Wh_per_kg,0.0,0.0,0.0,0.0,0.0,0.0,0.0,2048,1.0,2048,log
E[Hydrogen combustion]@100nmi_350kt_fan,fuel_cell_specific_power_kW_per_kg,0.0,0.0,0.0,0.0,0.0,0.0,0.0,2048,1.0,2048,log
E[Hydrogen combustion]@100nmi_350kt_fan,eta_fuel_cell,0.0,0.0,0.0,0.0,0.0,0.0,0.0,2048,1.0,2048,log
E[Hydrogen combustion]@100nmi_350kt_fan,liquid_hydrogen,0.1122465461250428,0.09197040213306079,0.1313988733093818,0.1140781853041317,0.10663217611876874,0.122525479519278,0.0018316391790889064,2048,1.0,2048,log
E[Hydrogen combustion]@100nmi_350kt_fan,e_saf,0.0,0.0,0.0,0.0,0.0,0.0,0.0,2048,1.0,2048,log
E[Hydrogen combustion]@100nmi_350kt_fan,gamma_tank,0.014747283283722521,0.008373292427216846,0.021931732577364114,0.01329077861893234,0.012319792526603089,0.014247796976199647,-0.0014565046647901803,2048,1.0,2048,log
E[Hydrogen combustion]@100nmi_350kt_fan,eta_p_propeller,0.0,0.0,0.0,0.0,0.0,0.0,0.0,2048,1.0,2048,log
E[Hydrogen combustion]@100nmi_350kt_fan,eta_p_fan,0.0,0.0,0.0,0.0,0.0,0.0,0.0,2048,1.0,2048,log
E[Hydrogen combustion]@100nmi_350kt_fan,resto,0.0,0.0,0.0,0.0,0.0,0.0,0.0,2048,1.0,2048,log
E[Hydrogen combustion]@100nmi_450kt_fan,oew_fan_b,0.6394045884749762,0.5919006503002542,0.6871994704470685,0.6330970389178653,0.5992910521193247,0.6683466955271471,-0.006307549557110881,2048,1.0,2048,log
E[Hydrogen combustion]@100nmi_450kt_fan,oew_fan_r_pivot,0.13975793150918975,0.11518584029020366,0.1637533093758801,0.1407456164356242,0.131445208426041,0.15240227401928014,0.0009876849264344456,2048,1.0,2048,log
E[Hydrogen combustion]@100nmi_450kt_fan,eta_motor,0.0,0.0,0.0,0.0,0.0,0.0,0.0,2048,1.0,2048,log
E[Hydrogen combustion]@100nmi_450kt_fan,calibration_block,0.09533027457882258,0.07859632164288285,0.11413492338882301,0.09677707844635519,0.0907137970374528,0.10318550636258454,0.0014468038675326117,2048,1.0,2048,log
E[Hydrogen combustion]@100nmi_450kt_fan,e_battery_Wh_per_kg,0.0,0.0,0.0,0.0,0.0,0.0,0.0,2048,1.0,2048,log
E[Hydrogen combustion]@100nmi_450kt_fan,fuel_cell_specific_power_kW_per_kg,0.0,0.0,0.0,0.0,0.0,0.0,0.0,2048,1.0,2048,log
E[Hydrogen combustion]@100nmi_450kt_fan,eta_fuel_cell,0.0,0.0,0.0,0.0,0.0,0.0,0.0,2048,1.0,2048,log
E[Hydrogen combustion]@100nmi_450kt_fan,liquid_hydrogen,0.11062432295865769,0.09294652760743102,0.12945877095222855,0.11154889166887327,0.10195140139229603,0.1204080172317853,0.0009245687102155814,2048,1.0,2048,log
E[Hydrogen combustion]@100nmi_450kt_fan,e_saf,0.0,0.0,0.0,0.0,0.0,0.0,0.0,2048,1.0,2048,log
E[Hydrogen combustion]@100nmi_450kt_fan,gamma_tank,0.01576210268169425,0.009285315689297052,0.022524984929539943,0.013493577762029575,0.0126515243907118,0.01446004081137476,-0.002268524919664675,2048,1.0,2048,log
E[Hydrogen combustion]@100nmi_450kt_fan,eta_p_propeller,0.0,0.0,0.0,0.0,0.0,0.0,0.0,2048,1.0,2048,log
E[Hydrogen combustion]@100nmi_450kt_fan,eta_p_fan,0.0,0.0,0.0,0.0,0.0,0.0,0.0,2048,1.0,2048,log
E[Hydrogen combustion]@100nmi_450kt_fan,resto,0.0,0.0,0.0,0.0,0.0,0.0,0.0,2048,1.0,2048,log
E[Hydrogen combustion]@1500nmi_450kt_fan,oew_fan_b,0.330779807600209,0.3006499288543308,0.3661098073150716,0.32398875881185357,0.30425500718590537,0.3458229128668121,-0.006791048788355403,2048,1.0,2048,log
E[Hydrogen combustion]@1500nmi_450kt_fan,oew_fan_r_pivot,0.2523885444020493,0.2258943537848753,0.2843105713796248,0.25425572752247344,0.23890542468943593,0.27350748578416445,0.0018671831204241651,2048,1.0,2048,log
E[Hydrogen combustion]@1500nmi_450kt_fan,eta_motor,0.0,0.0,0.0,0.0,0.0,0.0,0.0,2048,1.0,2048,log
E[Hydrogen combustion]@1500nmi_450kt_fan,calibration_block,0.15132713230099315,0.13194003797201753,0.17603173292641952,0.1493110680844001,0.13893429685292583,0.1592246782253188,-0.002016064216593061,2048,1.0,2048,log
E[Hydrogen combustion]@1500nmi_450kt_fan,e_battery_Wh_per_kg,0.0,0.0,0.0,0.0,0.0,0.0,0.0,2048,1.0,2048,log
E[Hydrogen combustion]@1500nmi_450kt_fan,fuel_cell_specific_power_kW_per_kg,0.0,0.0,0.0,0.0,0.0,0.0,0.0,2048,1.0,2048,log
E[Hydrogen combustion]@1500nmi_450kt_fan,eta_fuel_cell,0.0,0.0,0.0,0.0,0.0,0.0,0.0,2048,1.0,2048,log
E[Hydrogen combustion]@1500nmi_450kt_fan,liquid_hydrogen,0.16715940348742897,0.1437155439305814,0.18975582276968717,0.16801390050279796,0.15841130433018424,0.17834869751833604,0.0008544970153689935,2048,1.0,2048,log
E[Hydrogen combustion]@1500nmi_450kt_fan,e_saf,0.0,0.0,0.0,0.0,0.0,0.0,0.0,2048,1.0,2048,log
E[Hydrogen combustion]@1500nmi_450kt_fan,gamma_tank,0.10438595359558461,0.08804798714107442,0.12377687759203984,0.09569483252545878,0.0891893369792214,0.10202294603697683,-0.008691121070125832,2048,1.0,2048,log
E[Hydrogen combustion]@1500nmi_450kt_fan,eta_p_propeller,0.0,0.0,0.0,0.0,0.0,0.0,0.0,2048,1.0,2048,log
E[Hydrogen combustion]@1500nmi_450kt_fan,eta_p_fan,0.0,0.0,0.0,0.0,0.0,0.0,0.0,2048,1.0,2048,log
E[Hydrogen combustion]@1500nmi_450kt_fan,resto,0.0,0.0,0.0,0.0,0.0,0.0,0.0,2048,1.0,2048,log
E[Hydrogen combustion]@6000nmi_450kt_fan,oew_fan_b,0.4256929421694675,0.3856811628909296,0.46063494876939903,0.43725054133442237,0.40557227899676224,0.46603897145397116,0.011557599164954857,2048,1.0,2048,log
E[Hydrogen combustion]@6000nmi_450kt_fan,oew_fan_r_pivot,0.15527568435131633,0.13405966334963448,0.179621718233912,0.16065622686167738,0.15120580467775116,0.17281585456244278,0.005380542510361047,2048,1.0,2048,log
E[Hydrogen combustion]@6000nmi_450kt_fan,eta_motor,0.0,0.0,0.0,0.0,0.0,0.0,0.0,2048,1.0,2048,log
E[Hydrogen combustion]@6000nmi_450kt_fan,calibration_block,0.0736687084336022,0.0580049165782362,0.09027343673072605,0.0700816039113783,0.06574002733896013,0.07429070883119908,-0.0035871045222238968,2048,1.0,2048,log
E[Hydrogen combustion]@6000nmi_450kt_fan,e_battery_Wh_per_kg,0.0,0.0,0.0,0.0,0.0,0.0,0.0,2048,1.0,2048,log
E[Hydrogen combustion]@6000nmi_450kt_fan,fuel_cell_specific_power_kW_per_kg,0.0,0.0,0.0,0.0,0.0,0.0,0.0,2048,1.0,2048,log
E[Hydrogen combustion]@6000nmi_450kt_fan,eta_fuel_cell,0.0,0.0,0.0,0.0,0.0,0.0,0.0,2048,1.0,2048,log
E[Hydrogen combustion]@6000nmi_450kt_fan,liquid_hydrogen,0.07947295827763362,0.06361818991454847,0.09704194091489762,0.0796969359564461,0.07452637573462265,0.08540804858361996,0.00022397767881247865,2048,1.0,2048,log
E[Hydrogen combustion]@6000nmi_450kt_fan,e_saf,0.0,0.0,0.0,0.0,0.0,0.0,0.0,2048,1.0,2048,log
E[Hydrogen combustion]@6000nmi_450kt_fan,gamma_tank,0.2633055425854289,0.23636345585495416,0.29056772549806803,0.2582122681912232,0.2417552109538624,0.27660399738985275,-0.005093274394205649,2048,1.0,2048,log
E[Hydrogen combustion]@6000nmi_450kt_fan,eta_p_propeller,0.0,0.0,0.0,0.0,0.0,0.0,0.0,2048,1.0,2048,log
E[Hydrogen combustion]@6000nmi_450kt_fan,eta_p_fan,0.0,0.0,0.0,0.0,0.0,0.0,0.0,2048,1.0,2048,log
E[Hydrogen combustion]@6000nmi_450kt_fan,resto,0.0,0.0,0.0,0.0,0.0,0.0,0.0,2048,1.0,2048,log
E[Hydrogen combustion]@1500nmi_250kt_propeller,oew_fan_b,0.18045186527402488,0.15504638570683263,0.20492183266279626,0.17560690613057897,0.16500649759534755,0.18873973970364377,-0.004844959143445904,2048,1.0,2048,log
E[Hydrogen combustion]@1500nmi_250kt_propeller,oew_fan_r_pivot,0.18134645190532625,0.15749271933123513,0.20879779614537855,0.17876386635095592,0.16714841857485266,0.19056197766744085,-0.0025825855543703258,2048,1.0,2048,log
E[Hydrogen combustion]@1500nmi_250kt_propeller,eta_motor,0.0,0.0,0.0,0.0,0.0,0.0,0.0,2048,1.0,2048,log
E[Hydrogen combustion]@1500nmi_250kt_propeller,calibration_block,0.1600248642195768,0.13624985595613054,0.18605923180430783,0.1463521668278714,0.13745665109671293,0.15755955868928176,-0.013672697391705402,2048,1.0,2048,log
E[Hydrogen combustion]@1500nmi_250kt_propeller,e_battery_Wh_per_kg,0.0,0.0,0.0,0.0,0.0,0.0,0.0,2048,1.0,2048,log
E[Hydrogen combustion]@1500nmi_250kt_propeller,fuel_cell_specific_power_kW_per_kg,0.0,0.0,0.0,0.0,0.0,0.0,0.0,2048,1.0,2048,log
E[Hydrogen combustion]@1500nmi_250kt_propeller,eta_fuel_cell,0.0,0.0,0.0,0.0,0.0,0.0,0.0,2048,1.0,2048,log
E[Hydrogen combustion]@1500nmi_250kt_propeller,liquid_hydrogen,0.14388442793478862,0.12104686773503623,0.16592335337788422,0.14397898745368815,0.13528585435874654,0.15428670914341658,9.455951889952852e-05,2048,1.0,2048,log
E[Hydrogen combustion]@1500nmi_250kt_propeller,e_saf,0.0,0.0,0.0,0.0,0.0,0.0,0.0,2048,1.0,2048,log
E[Hydrogen combustion]@1500nmi_250kt_propeller,gamma_tank,0.14987423378698353,0.12637184745440755,0.17288851887416384,0.13995002690388114,0.13167378892857817,0.15004027751347387,-0.009924206883102388,2048,1.0,2048,log
E[Hydrogen combustion]@1500nmi_250kt_propeller,eta_p_propeller,0.19076238125951211,0.16664885258416864,0.21566325095132413,0.18877589709857645,0.1761932489374001,0.20119855895816416,-0.0019864841609356643,2048,1.0,2048,log
E[Hydrogen combustion]@1500nmi_250kt_propeller,eta_p_fan,0.0,0.0,0.0,0.0,0.0,0.0,0.0,2048,1.0,2048,log
E[Hydrogen combustion]@1500nmi_250kt_propeller,resto,0.01152476389804312,0.005617486058911235,0.01905474122436275,0.014787652280812637,0.013386433806989556,0.016448719176676153,0.0032628883827695177,2048,1.0,2048,log
E[e-SAF combustion]@100nmi_350kt_fan,oew_fan_b,0.2436630477639246,0.22018803149746827,0.27753520829130474,0.24324023094987632,0.2274431063524867,0.2579512986043046,-0.0004228168140482935,2048,1.0,2048,log
E[e-SAF combustion]@100nmi_350kt_fan,oew_fan_r_pivot,0.050144197402977535,0.03739220013503201,0.06484576173697379,0.05072158625764267,0.0478077821149966,0.05425340848037587,0.0005773888546651354,2048,1.0,2048,log
E[e-SAF combustion]@100nmi_350kt_fan,eta_motor,0.0,0.0,0.0,0.0,0.0,0.0,0.0,2048,1.0,2048,log
E[e-SAF combustion]@100nmi_350kt_fan,calibration_block,0.06123228736464334,0.046284177326541276,0.07429868290473837,0.062002990486671794,0.05870951268206407,0.06604258744772033,0.0007707031220284544,2048,1.0,2048,log
E[e-SAF combustion]@100nmi_350kt_fan,e_battery_Wh_per_kg,0.0,0.0,0.0,0.0,0.0,0.0,0.0,2048,1.0,2048,log
E[e-SAF combustion]@100nmi_350kt_fan,fuel_cell_specific_power_kW_per_kg,0.0,0.0,0.0,0.0,0.0,0.0,0.0,2048,1.0,2048,log
E[e-SAF combustion]@100nmi_350kt_fan,eta_fuel_cell,0.0,0.0,0.0,0.0,0.0,0.0,0.0,2048,1.0,2048,log
E[e-SAF combustion]@100nmi_350kt_fan,liquid_hydrogen,0.10589102166873322,0.08478390416520434,0.1259787227767636,0.11007383663843995,0.10244479393420232,0.11841610512858085,0.004182814969706725,2048,1.0,2048,log
E[e-SAF combustion]@100nmi_350kt_fan,e_saf,0.52874828512881,0.4878829964390413,0.569516028296004,0.5326133094559015,0.505069549858447,0.5667209313350742,0.0038650243270914597,2048,1.0,2048,log
E[e-SAF combustion]@100nmi_350kt_fan,gamma_tank,0.0,0.0,0.0,0.0,0.0,0.0,0.0,2048,1.0,2048,log
E[e-SAF combustion]@100nmi_350kt_fan,eta_p_propeller,0.0,0.0,0.0,0.0,0.0,0.0,0.0,2048,1.0,2048,log
E[e-SAF combustion]@100nmi_350kt_fan,eta_p_fan,0.0,0.0,0.0,0.0,0.0,0.0,0.0,2048,1.0,2048,log
E[e-SAF combustion]@100nmi_350kt_fan,resto,0.0,0.0,0.0,0.0,0.0,0.0,0.0,2048,1.0,2048,log
E[e-SAF combustion]@1500nmi_450kt_fan,oew_fan_b,0.12573273731550866,0.10834240346386861,0.14558207682819707,0.12358339406400075,0.11578055640679974,0.132385500311876,-0.0021493432515079097,2048,1.0,2048,log
E[e-SAF combustion]@1500nmi_450kt_fan,oew_fan_r_pivot,0.08140512204489762,0.06555713466870591,0.10064721311646443,0.08263462993929607,0.07716422033292414,0.08912676686819963,0.0012295078943984489,2048,1.0,2048,log
E[e-SAF combustion]@1500nmi_450kt_fan,eta_motor,0.0,0.0,0.0,0.0,0.0,0.0,0.0,2048,1.0,2048,log
E[e-SAF combustion]@1500nmi_450kt_fan,calibration_block,0.0711149636389484,0.05648405228358924,0.08630561642800447,0.07109382696537231,0.06698312567825745,0.07645088116694919,-2.1136673576088727e-05,2048,1.0,2048,log
E[e-SAF combustion]@1500nmi_450kt_fan,e_battery_Wh_per_kg,0.0,0.0,0.0,0.0,0.0,0.0,0.0,2048,1.0,2048,log
E[e-SAF combustion]@1500nmi_450kt_fan,fuel_cell_specific_power_kW_per_kg,0.0,0.0,0.0,0.0,0.0,0.0,0.0,2048,1.0,2048,log
E[e-SAF combustion]@1500nmi_450kt_fan,eta_fuel_cell,0.0,0.0,0.0,0.0,0.0,0.0,0.0,2048,1.0,2048,log
E[e-SAF combustion]@1500nmi_450kt_fan,liquid_hydrogen,0.12004099253108987,0.10007900210887656,0.14001908153960257,0.12371999489076775,0.11406616752460898,0.1307892760167961,0.0036790023596778854,2048,1.0,2048,log
E[e-SAF combustion]@1500nmi_450kt_fan,e_saf,0.5949198069869488,0.5532893656559503,0.64705347279567,0.5986428558957598,0.562553882635657,0.6333444151405215,0.003723048908811033,2048,1.0,2048,log
E[e-SAF combustion]@1500nmi_450kt_fan,gamma_tank,0.0,0.0,0.0,0.0,0.0,0.0,0.0,2048,1.0,2048,log
E[e-SAF combustion]@1500nmi_450kt_fan,eta_p_propeller,0.0,0.0,0.0,0.0,0.0,0.0,0.0,2048,1.0,2048,log
E[e-SAF combustion]@1500nmi_450kt_fan,eta_p_fan,0.0,0.0,0.0,0.0,0.0,0.0,0.0,2048,1.0,2048,log
E[e-SAF combustion]@1500nmi_450kt_fan,resto,0.0,0.0,0.0,0.0,0.0,0.0,0.0,2048,1.0,2048,log
E[e-SAF combustion]@6000nmi_450kt_fan,oew_fan_b,0.2869055158552193,0.25568891839548413,0.31585944465685806,0.29188220168104045,0.27320780107541437,0.3147061132260979,0.00497668582582117,2048,1.0,2048,log
E[e-SAF combustion]@6000nmi_450kt_fan,oew_fan_r_pivot,0.10109871328015346,0.0825485143691791,0.12025585972600145,0.10602630385808069,0.09928662496075777,0.11696339875612954,0.004927590577927229,2048,1.0,2048,log
E[e-SAF combustion]@6000nmi_450kt_fan,eta_motor,0.0,0.0,0.0,0.0,0.0,0.0,0.0,2048,1.0,2048,log
E[e-SAF combustion]@6000nmi_450kt_fan,calibration_block,0.05259050665516118,0.03847814766677557,0.06756720490536582,0.05391455543988754,0.05045032917683065,0.057405879450472944,0.0013240487847263616,2048,1.0,2048,log
E[e-SAF combustion]@6000nmi_450kt_fan,e_battery_Wh_per_kg,0.0,0.0,0.0,0.0,0.0,0.0,0.0,2048,1.0,2048,log
E[e-SAF combustion]@6000nmi_450kt_fan,fuel_cell_specific_power_kW_per_kg,0.0,0.0,0.0,0.0,0.0,0.0,0.0,2048,1.0,2048,log
E[e-SAF combustion]@6000nmi_450kt_fan,eta_fuel_cell,0.0,0.0,0.0,0.0,0.0,0.0,0.0,2048,1.0,2048,log
E[e-SAF combustion]@6000nmi_450kt_fan,liquid_hydrogen,0.09365555528409893,0.07421685937403401,0.10951754164430816,0.09478862205400004,0.08837634685713952,0.10307591824563289,0.001133066769901117,2048,1.0,2048,log
E[e-SAF combustion]@6000nmi_450kt_fan,e_saf,0.4580578272565006,0.4217365493337232,0.497190388864344,0.45865287549462075,0.430507210437505,0.4874517096502441,0.0005950482381201216,2048,1.0,2048,log
E[e-SAF combustion]@6000nmi_450kt_fan,gamma_tank,0.0,0.0,0.0,0.0,0.0,0.0,0.0,2048,1.0,2048,log
E[e-SAF combustion]@6000nmi_450kt_fan,eta_p_propeller,0.0,0.0,0.0,0.0,0.0,0.0,0.0,2048,1.0,2048,log
E[e-SAF combustion]@6000nmi_450kt_fan,eta_p_fan,0.0,0.0,0.0,0.0,0.0,0.0,0.0,2048,1.0,2048,log
E[e-SAF combustion]@6000nmi_450kt_fan,resto,0.0,0.0,0.0,0.0,0.0,0.0,0.0,2048,1.0,2048,log
E[e-SAF combustion]@1500nmi_250kt_propeller,oew_fan_b,0.07348044373851362,0.05806538998020969,0.09002503891281471,0.07183664766978655,0.06692659388437708,0.0769461223103981,-0.0016437960687270686,2048,1.0,2048,log
E[e-SAF combustion]@1500nmi_250kt_propeller,oew_fan_r_pivot,0.06233857189175538,0.04829154192784943,0.07664438460635617,0.06182342494553674,0.05716107718916978,0.06705539747620866,-0.0005151469462186392,2048,1.0,2048,log
E[e-SAF combustion]@1500nmi_250kt_propeller,eta_motor,0.0,0.0,0.0,0.0,0.0,0.0,0.0,2048,1.0,2048,log
E[e-SAF combustion]@1500nmi_250kt_propeller,calibration_block,0.07925859148460183,0.06484691297092922,0.0970388616357521,0.07760390091530406,0.07239171898888992,0.08260832987722465,-0.001654690569297776,2048,1.0,2048,log
E[e-SAF combustion]@1500nmi_250kt_propeller,e_battery_Wh_per_kg,0.0,0.0,0.0,0.0,0.0,0.0,0.0,2048,1.0,2048,log
E[e-SAF combustion]@1500nmi_250kt_propeller,fuel_cell_specific_power_kW_per_kg,0.0,0.0,0.0,0.0,0.0,0.0,0.0,2048,1.0,2048,log
E[e-SAF combustion]@1500nmi_250kt_propeller,eta_fuel_cell,0.0,0.0,0.0,0.0,0.0,0.0,0.0,2048,1.0,2048,log
E[e-SAF combustion]@1500nmi_250kt_propeller,liquid_hydrogen,0.113668845158511,0.09300684359574196,0.13329803293175646,0.1162539878596362,0.10774262573848598,0.12425450300742205,0.002585142701125198,2048,1.0,2048,log
E[e-SAF combustion]@1500nmi_250kt_propeller,e_saf,0.560187870809592,0.5145605906310227,0.6036112735486777,0.5625171530520078,0.5320616134282399,0.5892939209568455,0.0023292822424157977,2048,1.0,2048,log
E[e-SAF combustion]@1500nmi_250kt_propeller,gamma_tank,0.0,0.0,0.0,0.0,0.0,0.0,0.0,2048,1.0,2048,log
E[e-SAF combustion]@1500nmi_250kt_propeller,eta_p_propeller,0.10333489367610414,0.08531671854672641,0.12090177543238487,0.10266050837401587,0.09664635066269922,0.10894238102926244,-0.0006743853020882706,2048,1.0,2048,log
E[e-SAF combustion]@1500nmi_250kt_propeller,eta_p_fan,0.0,0.0,0.0,0.0,0.0,0.0,0.0,2048,1.0,2048,log
E[e-SAF combustion]@1500nmi_250kt_propeller,resto,0.004303582131383078,-0.0005015898239691517,0.008964586435596307,0.006066636206660949,0.005512961649606908,0.0067796748238027555,0.0017630540752778708,2048,1.0,2048,log
