range_nmi,speed_kt,P
10.0,180.0,0.8653333333333333
11.69989106589066,180.0,0.8346666666666667
13.688745095370805,180.0,0.7966666666666666
16.015682644458355,180.0,0.7446666666666667
18.73817422860384,180.0,0.6733333333333333
21.923459724834466,180.0,0.58
25.650209056800456,180.0,0.4693333333333333
30.010465178188735,180.0,0.3406666666666667
35.11191734215131,180.0,0.206
41.08056080177274,180.0,0.10066666666666667
48.06380863064389,180.0,0.030666666666666665
56.23413251903491,180.0,0.002
65.79332246575679,180.0,0.0
76.9774705712371,180.0,0.0
90.06280202112787,180.0,0.0
105.37249727360725,180.0,0.0
123.28467394420659,180.0,0.0
144.24172552410664,180.0,0.0
168.7612475788147,180.0,0.0
197.44882128159367,180.0,0.0
231.0129700083158,180.0,0.0
270.28265839051625,180.0,0.0
316.22776601683796,180.0,0.0
369.9830414406966,180.0,0.0
432.8761281083057,180.0,0.0
506.4603543891704,180.0,0.0
592.5530975545674,180.0,0.0
693.2806692144524,180.0,0.0
811.1308307896873,180.0,0.0
949.0142360424725,180.0,0.0
1110.336318167638,180.0,0.0
1299.0813969063468,180.0,0.0
1519.9110829529332,180.0,0.0
1778.2794100389228,180.0,0.0
2080.5675382171694,180.0,0.0
2434.2413552369194,180.0,0.0
2848.035868435799,180.0,0.0
3332.1709412448167,180.0,0.0
3898.603702549072,180.0,0.0
4561.323862890211,180.0,0.0
5336.699231206308,180.0,0.0
6243.879965653626,180.0,0.0
7305.271542664449,180.0,0.0
8547.08812559251,180.0,0.0
10000.0,180.0,0.0
10.0,188.2051282051282,0.8326666666666667
11.69989106589066,188.2051282051282,0.8006666666666666
13.688745095370805,188.2051282051282,0.7566666666666667
16.015682644458355,188.2051282051282,0.6993333333333334
18.73817422860384,188.2051282051282,0.6193333333333333
21.923459724834466,188.2051282051282,0.5233333333333333
25.650209056800456,188.2051282051282,0.412
30.010465178188735,188.2051282051282,0.29133333333333333
35.11191734215131,188.2051282051282,0.16866666666666666
41.08056080177274,188.2051282051282,0.07933333333333334
48.06380863064389,188.2051282051282,0.023333333333333334
56.23413251903491,188.2051282051282,0.0013333333333333333
65.79332246575679,188.2051282051282,0.0
76.9774705712371,188.2051282051282,0.0
90.06280202112787,188.2051282051282,0.0
105.37249727360725,188.2051282051282,0.0
123.28467394420659,188.2051282051282,0.0
144.24172552410664,188.2051282051282,0.0
168.7612475788147,188.2051282051282,0.0
197.44882128159367,188.2051282051282,0.0
231.0129700083158,188.2051282051282,0.0
270.28265839051625,188.2051282051282,0.0
316.22776601683796,188.2051282051282,0.0
369.9830414406966,188.2051282051282,0.0
432.8761281083057,188.2051282051282,0.0
506.4603543891704,188.2051282051282,0.0
592.5530975545674,188.2051282051282,0.0
693.2806692144524,188.2051282051282,0.0
811.1308307896873,188.2051282051282,0.0
949.0142360424725,188.2051282051282,0.0
1110.336318167638,188.2051282051282,0.0
1299.0813969063468,188.2051282051282,0.0
1519.9110829529332,188.2051282051282,0.0
1778.2794100389228,188.2051282051282,0.0
2080.5675382171694,188.2051282051282,0.0
2434.2413552369194,188.2051282051282,0.0
2848.035868435799,188.2051282051282,0.0
3332.1709412448167,188.2051282051282,0.0
3898.603702549072,188.2051282051282,0.0
4561.323862890211,188.2051282051282,0.0
5336.699231206308,188.2051282051282,0.0
6243.879965653626,188.2051282051282,0.0
7305.271542664449,188.2051282051282,0.0
8547.08812559251,188.2051282051282,0.0
10000.0,188.2051282051282,0.0
10.0,196.4102564102564,0.7946666666666666
11.69989106589066,196.4102564102564,0.758
13.688745095370805,196.4102564102564,0.7046666666666667
16.015682644458355,196.4102564102564,0.6426666666666667
18.73817422860384,196.4102564102564,0.558
21.923459724834466,196.4102564102564,0.468
25.650209056800456,196.4102564102564,0.3626666666666667
30.010465178188735,196.4102564102564,0.23866666666666667
35.11191734215131,196.4102564102564,0.13666666666666666
41.08056080177274,196.4102564102564,0.058
48.06380863064389,196.4102564102564,0.015333333333333332
56.23413251903491,196.4102564102564,0.0006666666666666666
65.79332246575679,196.4102564102564,0.0
76.9774705712371,196.4102564102564,0.0
90.06280202112787,196.4102564102564,0.0
105.37249727360725,196.4102564102564,0.0
123.28467394420659,196.4102564102564,0.0
144.24172552410664,196.4102564102564,0.0
168.7612475788147,196.4102564102564,0.0
197.44882128159367,196.4102564102564,0.0
231.0129700083158,196.4102564102564,0.0
270.28265839051625,196.4102564102564,0.0
316.22776601683796,196.4102564102564,0.0
369.9830414406966,196.4102564102564,0.0
432.8761281083057,196.4102564102564,0.0
506.4603543891704,196.4102564102564,0.0
592.5530975545674,196.4102564102564,0.0
693.2806692144524,196.4102564102564,0.0
811.1308307896873,196.4102564102564,0.0
949.0142360424725,196.4102564102564,0.0
1110.336318167638,196.4102564102564,0.0
1299.0813969063468,196.4102564102564,0.0
1519.9110829529332,196.4102564102564,0.0
1778.2794100389228,196.4102564102564,0.0
2080.5675382171694,196.4102564102564,0.0
2434.2413552369194,196.4102564102564,0.0
2848.035868435799,196.4102564102564,0.0
3332.1709412448167,196.4102564102564,0.0
3898.603702549072,196.4102564102564,0.0
4561.323862890211,196.4102564102564,0.0
5336.699231206308,196.4102564102564,0.0
6243.879965653626,196.4102564102564,0.0
7305.271542664449,196.4102564102564,0.0
8547.08812559251,196.4102564102564,0.0
10000.0,196.4102564102564,0.0
10.0,204.6153846153846,0.7433333333333333
11.69989106589066,204.6153846153846,0.7006666666666667
13.688745095370805,204.6153846153846,0.652
16.015682644458355,204.6153846153846,0.58
18.73817422860384,204.6153846153846,0.49466666666666664
21.923459724834466,204.6153846153846,0.4086666666666667
25.650209056800456,204.6153846153846,0.302
30.010465178188735,204.6153846153846,0.19866666666666666
35.11191734215131,204.6153846153846,0.10333333333333333
41.08056080177274,204.6153846153846,0.042666666666666665
48.06380863064389,204.6153846153846,0.005333333333333333
56.23413251903491,204.6153846153846,0.0006666666666666666
65.79332246575679,204.6153846153846,0.0
76.9774705712371,204.6153846153846,0.0
90.06280202112787,204.6153846153846,0.0
105.37249727360725,204.6153846153846,0.0
123.28467394420659,204.6153846153846,0.0
144.24172552410664,204.6153846153846,0.0
168.7612475788147,204.6153846153846,0.0
197.44882128159367,204.6153846153846,0.0
231.0129700083158,204.6153846153846,0.0
270.28265839051625,204.6153846153846,0.0
316.22776601683796,204.6153846153846,0.0
369.9830414406966,204.6153846153846,0.0
432.8761281083057,204.6153846153846,0.0
506.4603543891704,204.6153846153846,0.0
592.5530975545674,204.6153846153846,0.0
693.2806692144524,204.6153846153846,0.0
811.1308307896873,204.6153846153846,0.0
949.0142360424725,204.6153846153846,0.0
1110.336318167638,204.6153846153846,0.0
1299.0813969063468,204.6153846153846,0.0
1519.9110829529332,204.6153846153846,0.0
1778.2794100389228,204.6153846153846,0.0
2080.5675382171694,204.6153846153846,0.0
2434.2413552369194,204.6153846153846,0.0
2848.035868435799,204.6153846153846,0.0
3332.1709412448167,204.6153846153846,0.0
3898.603702549072,204.6153846153846,0.0
4561.323862890211,204.6153846153846,0.0
5336.699231206308,204.6153846153846,0.0
6243.879965653626,204.6153846153846,0.0
7305.271542664449,204.6153846153846,0.0
8547.08812559251,204.6153846153846,0.0
10000.0,204.6153846153846,0.0
10.0,212.82051282051282,0.6873333333333334
11.69989106589066,212.82051282051282,0.6453333333333333
13.688745095370805,212.82051282051282,0.5853333333333334
16.015682644458355,212.82051282051282,0.5126666666666667
18.73817422860384,212.82051282051282,0.442
21.923459724834466,212.82051282051282,0.35
25.650209056800456,212.82051282051282,0.24333333333333335
30.010465178188735,212.82051282051282,0.14733333333333334
35.11191734215131,212.82051282051282,0.08133333333333333
41.08056080177274,212.82051282051282,0.03
48.06380863064389,212.82051282051282,0.0026666666666666666
56.23413251903491,212.82051282051282,0.0
65.79332246575679,212.82051282051282,0.0
76.9774705712371,212.82051282051282,0.0
90.06280202112787,212.82051282051282,0.0
105.37249727360725,212.82051282051282,0.0
123.28467394420659,212.82051282051282,0.0
144.24172552410664,212.82051282051282,0.0
168.7612475788147,212.82051282051282,0.0
197.44882128159367,212.82051282051282,0.0
231.0129700083158,212.82051282051282,0.0
270.28265839051625,212.82051282051282,0.0
316.22776601683796,212.82051282051282,0.0
369.9830414406966,212.82051282051282,0.0
432.8761281083057,212.82051282051282,0.0
506.4603543891704,212.82051282051282,0.0
592.5530975545674,212.82051282051282,0.0
693.2806692144524,212.82051282051282,0.0
811.1308307896873,212.82051282051282,0.0
949.0142360424725,212.82051282051282,0.0
1110.336318167638,212.82051282051282,0.0
1299.0813969063468,212.82051282051282,0.0
1519.9110829529332,212.82051282051282,0.0
1778.2794100389228,212.82051282051282,0.0
2080.5675382171694,212.82051282051282,0.0
2434.2413552369194,212.82051282051282,0.0
2848.035868435799,212.82051282051282,0.0
3332.1709412448167,212.82051282051282,0.0
3898.603702549072,212.82051282051282,0.0
4561.323862890211,212.82051282051282,0.0
5336.699231206308,212.82051282051282,0.0
6243.879965653626,212.82051282051282,0.0
7305.271542664449,212.82051282051282,0.0
8547.08812559251,212.82051282051282,0.0
10000.0,212.82051282051282,0.0
10.0,221.02564102564102,0.63
11.69989106589066,221.02564102564102,0.576
13.688745095370805,221.02564102564102,0.5153333333333333
16.015682644458355,221.02564102564102,0.4513333333333333
18.73817422860384,221.02564102564102,0.37466666666666665
21.923459724834466,221.02564102564102,0.2833333333333333
25.650209056800456,221.02564102564102,0.19933333333333333
30.010465178188735,221.02564102564102,0.11866666666666667
35.11191734215131,221.02564102564102,0.056666666666666664
41.08056080177274,221.02564102564102,0.019333333333333334
48.06380863064389,221.02564102564102,0.0013333333333333333
56.23413251903491,221.02564102564102,0.0
65.79332246575679,221.02564102564102,0.0
76.9774705712371,221.02564102564102,0.0
90.06280202112787,221.02564102564102,0.0
105.37249727360725,221.02564102564102,0.0
123.28467394420659,221.02564102564102,0.0
144.24172552410664,221.02564102564102,0.0
168.7612475788147,221.02564102564102,0.0
197.44882128159367,221.02564102564102,0.0
231.0129700083158,221.02564102564102,0.0
270.28265839051625,221.02564102564102,0.0
316.22776601683796,221.02564102564102,0.0
369.9830414406966,221.02564102564102,0.0
432.8761281083057,221.02564102564102,0.0
506.4603543891704,221.02564102564102,0.0
592.5530975545674,221.02564102564102,0.0
693.2806692144524,221.02564102564102,0.0
811.1308307896873,221.02564102564102,0.0
949.0142360424725,221.02564102564102,0.0
1110.336318167638,221.02564102564102,0.0
1299.0813969063468,221.02564102564102,0.0
1519.9110829529332,221.02564102564102,0.0
1778.2794100389228,221.02564102564102,0.0
2080.5675382171694,221.02564102564102,0.0
2434.2413552369194,221.02564102564102,0.0
2848.035868435799,221.02564102564102,0.0
3332.1709412448167,221.02564102564102,0.0
3898.603702549072,221.02564102564102,0.0
4561.323862890211,221.02564102564102,0.0
5336.699231206308,221.02564102564102,0.0
6243.879965653626,221.02564102564102,0.0
7305.271542664449,221.02564102564102,0.0
8547.08812559251,221.02564102564102,0.0
10000.0,221.02564102564102,0.0
10.0,229.23076923076923,0.5566666666666666
11.69989106589066,229.23076923076923,0.504
13.688745095370805,229.23076923076923,0.452
16.015682644458355,229.23076923076923,0.386
18.73817422860384,229.23076923076923,0.308
21.923459724834466,229.23076923076923,0.22866666666666666
25.650209056800456,229.23076923076923,0.148
30.010465178188735,229.23076923076923,0.08733333333333333
35.11191734215131,229.23076923076923,0.03866666666666667
41.08056080177274,229.23076923076923,0.008
48.06380863064389,229.23076923076923,0.0006666666666666666
56.23413251903491,229.23076923076923,0.0
65.79332246575679,229.23076923076923,0.0
76.9774705712371,229.23076923076923,0.0
90.06280202112787,229.23076923076923,0.0
105.37249727360725,229.23076923076923,0.0
123.28467394420659,229.23076923076923,0.0
144.24172552410664,229.23076923076923,0.0
168.7612475788147,229.23076923076923,0.0
197.44882128159367,229.23076923076923,0.0
231.0129700083158,229.23076923076923,0.0
270.28265839051625,229.23076923076923,0.0
316.22776601683796,229.23076923076923,0.0
369.9830414406966,229.23076923076923,0.0
432.8761281083057,229.23076923076923,0.0
506.4603543891704,229.23076923076923,0.0
592.5530975545674,229.23076923076923,0.0
693.2806692144524,229.23076923076923,0.0
811.1308307896873,229.23076923076923,0.0
949.0142360424725,229.23076923076923,0.0
1110.336318167638,229.23076923076923,0.0
1299.0813969063468,229.23076923076923,0.0
1519.9110829529332,229.23076923076923,0.0
1778.2794100389228,229.23076923076923,0.0
2080.5675382171694,229.23076923076923,0.0
2434.2413552369194,229.23076923076923,0.0
2848.035868435799,229.23076923076923,0.0
3332.1709412448167,229.23076923076923,0.0
3898.603702549072,229.23076923076923,0.0
4561.323862890211,229.23076923076923,0.0
5336.699231206308,229.23076923076923,0.0
6243.879965653626,229.23076923076923,0.0
7305.271542664449,229.23076923076923,0.0
8547.08812559251,229.23076923076923,0.0
10000.0,229.23076923076923,0.0
10.0,237.43589743589743,0.4846666666666667
11.69989106589066,237.43589743589743,0.44266666666666665
13.688745095370805,237.43589743589743,0.384
16.015682644458355,237.43589743589743,0.316
18.73817422860384,237.43589743589743,0.24533333333333332
21.923459724834466,237.43589743589743,0.17333333333333334
25.650209056800456,237.43589743589743,0.11466666666666667
30.010465178188735,237.43589743589743,0.06
35.11191734215131,237.43589743589743,0.026
41.08056080177274,237.43589743589743,0.0033333333333333335
48.06380863064389,237.43589743589743,0.0006666666666666666
56.23413251903491,237.43589743589743,0.0
65.79332246575679,237.43589743589743,0.0
76.9774705712371,237.43589743589743,0.0
90.06280202112787,237.43589743589743,0.0
105.37249727360725,237.43589743589743,0.0
123.28467394420659,237.43589743589743,0.0
144.24172552410664,237.43589743589743,0.0
168.7612475788147,237.43589743589743,0.0
197.44882128159367,237.43589743589743,0.0
231.0129700083158,237.43589743589743,0.0
270.28265839051625,237.43589743589743,0.0
316.22776601683796,237.43589743589743,0.0
369.9830414406966,237.43589743589743,0.0
432.8761281083057,237.43589743589743,0.0
506.4603543891704,237.43589743589743,0.0
592.5530975545674,237.43589743589743,0.0
693.2806692144524,237.43589743589743,0.0
811.1308307896873,237.43589743589743,0.0
949.0142360424725,237.43589743589743,0.0
1110.336318167638,237.43589743589743,0.0
1299.0813969063468,237.43589743589743,0.0
1519.9110829529332,237.43589743589743,0.0
1778.2794100389228,237.43589743589743,0.0
2080.5675382171694,237.43589743589743,0.0
2434.2413552369194,237.43589743589743,0.0
2848.035868435799,237.43589743589743,0.0
3332.1709412448167,237.43589743589743,0.0
3898.603702549072,237.43589743589743,0.0
4561.323862890211,237.43589743589743,0.0
5336.699231206308,237.43589743589743,0.0
6243.879965653626,237.43589743589743,0.0
7305.271542664449,237.43589743589743,0.0
8547.08812559251,237.43589743589743,0.0
10000.0,237.43589743589743,0.0
10.0,245.64102564102564,0.418
11.69989106589066,245.64102564102564,0.37266666666666665
13.688745095370805,245.64102564102564,0.31066666666666665
16.015682644458355,245.64102564102564,0.25333333333333335
18.73817422860384,245.64102564102564,0.19133333333333333
21.923459724834466,245.64102564102564,0.12733333333333333
25.650209056800456,245.64102564102564,0.07866666666666666
30.010465178188735,245.64102564102564,0.04133333333333333
35.11191734215131,245.64102564102564,0.012666666666666666
41.08056080177274,245.64102564102564,0.0013333333333333333
48.06380863064389,245.64102564102564,0.0
56.23413251903491,245.64102564102564,0.0
65.79332246575679,245.64102564102564,0.0
76.9774705712371,245.64102564102564,0.0
90.06280202112787,245.64102564102564,0.0
105.37249727360725,245.64102564102564,0.0
123.28467394420659,245.64102564102564,0.0
144.24172552410664,245.64102564102564,0.0
168.7612475788147,245.64102564102564,0.0
197.44882128159367,245.64102564102564,0.0
231.0129700083158,245.64102564102564,0.0
270.28265839051625,245.64102564102564,0.0
316.22776601683796,245.64102564102564,0.0
369.9830414406966,245.64102564102564,0.0
432.8761281083057,245.64102564102564,0.0
506.4603543891704,245.64102564102564,0.0
592.5530975545674,245.64102564102564,0.0
693.2806692144524,245.64102564102564,0.0
811.1308307896873,245.64102564102564,0.0
949.0142360424725,245.64102564102564,0.0
1110.336318167638,245.64102564102564,0.0
1299.0813969063468,245.64102564102564,0.0
1519.9110829529332,245.64102564102564,0.0
1778.2794100389228,245.64102564102564,0.0
2080.5675382171694,245.64102564102564,0.0
2434.2413552369194,245.64102564102564,0.0
2848.035868435799,245.64102564102564,0.0
3332.1709412448167,245.64102564102564,0.0
3898.603702549072,245.64102564102564,0.0
4561.323862890211,245.64102564102564,0.0
5336.699231206308,245.64102564102564,0.0
6243.879965653626,245.64102564102564,0.0
7305.271542664449,245.64102564102564,0.0
8547.08812559251,245.64102564102564,0.0
10000.0,245.64102564102564,0.0
10.0,253.84615384615384,0.3433333333333333
11.69989106589066,253.84615384615384,0.2966666666666667
13.688745095370805,253.84615384615384,0.248
16.015682644458355,253.84615384615384,0.19333333333333333
18.73817422860384,253.84615384615384,0.14066666666666666
21.923459724834466,253.84615384615384,0.09533333333333334
25.650209056800456,253.84615384615384,0.056666666666666664
30.010465178188735,253.84615384615384,0.027333333333333334
35.11191734215131,253.84615384615384,0.004666666666666667
41.08056080177274,253.84615384615384,0.0006666666666666666
48.06380863064389,253.84615384615384,0.0
56.23413251903491,253.84615384615384,0.0
65.79332246575679,253.84615384615384,0.0
76.9774705712371,253.84615384615384,0.0
90.06280202112787,253.84615384615384,0.0
105.37249727360725,253.84615384615384,0.0
123.28467394420659,253.84615384615384,0.0
144.24172552410664,253.84615384615384,0.0
168.7612475788147,253.84615384615384,0.0
197.44882128159367,253.84615384615384,0.0
231.0129700083158,253.84615384615384,0.0
270.28265839051625,253.84615384615384,0.0
316.22776601683796,253.84615384615384,0.0
369.9830414406966,253.84615384615384,0.0
432.8761281083057,253.84615384615384,0.0
506.4603543891704,253.84615384615384,0.0
592.5530975545674,253.84615384615384,0.0
693.2806692144524,253.84615384615384,0.0
811.1308307896873,253.84615384615384,0.0
949.0142360424725,253.84615384615384,0.0
1110.336318167638,253.84615384615384,0.0
1299.0813969063468,253.84615384615384,0.0
1519.9110829529332,253.84615384615384,0.0
1778.2794100389228,253.84615384615384,0.0
2080.5675382171694,253.84615384615384,0.0
2434.2413552369194,253.84615384615384,0.0
2848.035868435799,253.84615384615384,0.0
3332.1709412448167,253.84615384615384,0.0
3898.603702549072,253.84615384615384,0.0
4561.323862890211,253.84615384615384,0.0
5336.699231206308,253.84615384615384,0.0
6243.879965653626,253.84615384615384,0.0
7305.271542664449,253.84615384615384,0.0
8547.08812559251,253.84615384615384,0.0
10000.0,253.84615384615384,0.0
10.0,262.05128205128204,0.2733333333333333
11.69989106589066,262.05128205128204,0.23333333333333334
13.688745095370805,262.05128205128204,0.18733333333333332
16.015682644458355,262.05128205128204,0.146
18.73817422860384,262.05128205128204,0.10466666666666667
21.923459724834466,262.05128205128204,0.06333333333333334
25.650209056800456,262.05128205128204,0.037333333333333336
30.010465178188735,262.05128205128204,0.012666666666666666
35.11191734215131,262.05128205128204,0.0013333333333333333
41.08056080177274,262.05128205128204,0.0
48.06380863064389,262.05128205128204,0.0
56.23413251903491,262.05128205128204,0.0
65.79332246575679,262.05128205128204,0.0
76.9774705712371,262.05128205128204,0.0
90.06280202112787,262.05128205128204,0.0
105.37249727360725,262.05128205128204,0.0
123.28467394420659,262.05128205128204,0.0
144.24172552410664,262.05128205128204,0.0
168.7612475788147,262.05128205128204,0.0
197.44882128159367,262.05128205128204,0.0
231.0129700083158,262.05128205128204,0.0
270.28265839051625,262.05128205128204,0.0
316.22776601683796,262.05128205128204,0.0
369.9830414406966,262.05128205128204,0.0
432.8761281083057,262.05128205128204,0.0
506.4603543891704,262.05128205128204,0.0
592.5530975545674,262.05128205128204,0.0
693.2806692144524,262.05128205128204,0.0
811.1308307896873,262.05128205128204,0.0
949.0142360424725,262.05128205128204,0.0
1110.336318167638,262.05128205128204,0.0
1299.0813969063468,262.05128205128204,0.0
1519.9110829529332,262.05128205128204,0.0
1778.2794100389228,262.05128205128204,0.0
2080.5675382171694,262.05128205128204,0.0
2434.2413552369194,262.05128205128204,0.0
2848.035868435799,262.05128205128204,0.0
3332.1709412448167,262.05128205128204,0.0
3898.603702549072,262.05128205128204,0.0
4561.323862890211,262.05128205128204,0.0
5336.699231206308,262.05128205128204,0.0
6243.879965653626,262.05128205128204,0.0
7305.271542664449,262.05128205128204,0.0
8547.08812559251,262.05128205128204,0.0
10000.0,262.05128205128204,0.0
10.0,270.2564102564103,0.21066666666666667
11.69989106589066,270.2564102564103,0.172
13.688745095370805,270.2564102564103,0.138
16.015682644458355,270.2564102564103,0.10733333333333334
18.73817422860384,270.2564102564103,0.06533333333333333
21.923459724834466,270.2564102564103,0.04466666666666667
25.650209056800456,270.2564102564103,0.021333333333333333
30.010465178188735,270.2564102564103,0.005333333333333333
35.11191734215131,270.2564102564103,0.0006666666666666666
41.08056080177274,270.2564102564103,0.0
48.06380863064389,270.2564102564103,0.0
56.23413251903491,270.2564102564103,0.0
65.79332246575679,270.2564102564103,0.0
76.9774705712371,270.2564102564103,0.0
90.06280202112787,270.2564102564103,0.0
105.37249727360725,270.2564102564103,0.0
123.28467394420659,270.2564102564103,0.0
144.24172552410664,270.2564102564103,0.0
168.7612475788147,270.2564102564103,0.0
197.44882128159367,270.2564102564103,0.0
231.0129700083158,270.2564102564103,0.0
270.28265839051625,270.2564102564103,0.0
316.22776601683796,270.2564102564103,0.0
369.9830414406966,270.2564102564103,0.0
432.8761281083057,270.2564102564103,0.0
506.4603543891704,270.2564102564103,0.0
592.5530975545674,270.2564102564103,0.0
693.2806692144524,270.2564102564103,0.0
811.1308307896873,270.2564102564103,0.0
949.0142360424725,270.2564102564103,0.0
1110.336318167638,270.2564102564103,0.0
1299.0813969063468,270.2564102564103,0.0
1519.9110829529332,270.2564102564103,0.0
1778.2794100389228,270.2564102564103,0.0
2080.5675382171694,270.2564102564103,0.0
2434.2413552369194,270.2564102564103,0.0
2848.035868435799,270.2564102564103,0.0
3332.1709412448167,270.2564102564103,0.0
3898.603702549072,270.2564102564103,0.0
4561.323862890211,270.2564102564103,0.0
5336.699231206308,270.2564102564103,0.0
6243.879965653626,270.2564102564103,0.0
7305.271542664449,270.2564102564103,0.0
8547.08812559251,270.2564102564103,0.0
10000.0,270.2564102564103,0.0
10.0,278.46153846153845,0.156
11.69989106589066,278.46153846153845,0.126
13.688745095370805,278.46153846153845,0.10133333333333333
16.015682644458355,278.46153846153845,0.06666666666666667
18.73817422860384,278.46153846153845,0.04666666666666667
21.923459724834466,278.46153846153845,0.02666666666666667
25.650209056800456,278.46153846153845,0.009333333333333334
30.010465178188735,278.46153846153845,0.0013333333333333333
35.11191734215131,278.46153846153845,0.0
41.08056080177274,278.46153846153845,0.0
48.06380863064389,278.46153846153845,0.0
56.23413251903491,278.46153846153845,0.0
65.79332246575679,278.46153846153845,0.0
76.9774705712371,278.46153846153845,0.0
90.06280202112787,278.46153846153845,0.0
105.37249727360725,278.46153846153845,0.0
123.28467394420659,278.46153846153845,0.0
144.24172552410664,278.46153846153845,0.0
168.7612475788147,278.46153846153845,0.0
197.44882128159367,278.46153846153845,0.0
231.0129700083158,278.46153846153845,0.0
270.28265839051625,278.46153846153845,0.0
316.22776601683796,278.46153846153845,0.0
369.9830414406966,278.46153846153845,0.0
432.8761281083057,278.46153846153845,0.0
506.4603543891704,278.46153846153845,0.0
592.5530975545674,278.46153846153845,0.0
693.2806692144524,278.46153846153845,0.0
811.1308307896873,278.46153846153845,0.0
949.0142360424725,278.46153846153845,0.0
1110.336318167638,278.46153846153845,0.0
1299.0813969063468,278.46153846153845,0.0
1519.9110829529332,278.46153846153845,0.0
1778.2794100389228,278.46153846153845,0.0
2080.5675382171694,278.46153846153845,0.0
2434.2413552369194,278.46153846153845,0.0
2848.035868435799,278.46153846153845,0.0
3332.1709412448167,278.46153846153845,0.0
3898.603702549072,278.46153846153845,0.0
4561.323862890211,278.46153846153845,0.0
5336.699231206308,278.46153846153845,0.0
6243.879965653626,278.46153846153845,0.0
7305.271542664449,278.46153846153845,0.0
8547.08812559251,278.46153846153845,0.0
10000.0,278.46153846153845,0.0
10.0,286.66666666666663,0.11066666666666666
11.69989106589066,286.66666666666663,0.08733333333333333
13.688745095370805,286.66666666666663,0.064
16.015682644458355,286.66666666666663,0.04666666666666667
18.73817422860384,286.66666666666663,0.03133333333333333
21.923459724834466,286.66666666666663,0.012
25.650209056800456,286.66666666666663,0.0033333333333333335
30.010465178188735,286.66666666666663,0.0006666666666666666
35.11191734215131,286.66666666666663,0.0
41.08056080177274,286.66666666666663,0.0
48.06380863064389,286.66666666666663,0.0
56.23413251903491,286.66666666666663,0.0
65.79332246575679,286.66666666666663,0.0
76.9774705712371,286.66666666666663,0.0
90.06280202112787,286.66666666666663,0.0
105.37249727360725,286.66666666666663,0.0
123.28467394420659,286.66666666666663,0.0
144.24172552410664,286.66666666666663,0.0
168.7612475788147,286.66666666666663,0.0
197.44882128159367,286.66666666666663,0.0
231.0129700083158,286.66666666666663,0.0
270.28265839051625,286.66666666666663,0.0
316.22776601683796,286.66666666666663,0.0
369.9830414406966,286.66666666666663,0.0
432.8761281083057,286.66666666666663,0.0
506.4603543891704,286.66666666666663,0.0
592.5530975545674,286.66666666666663,0.0
693.2806692144524,286.66666666666663,0.0
811.1308307896873,286.66666666666663,0.0
949.0142360424725,286.66666666666663,0.0
1110.336318167638,286.66666666666663,0.0
1299.0813969063468,286.66666666666663,0.0
1519.9110829529332,286.66666666666663,0.0
1778.2794100389228,286.66666666666663,0.0
2080.5675382171694,286.66666666666663,0.0
2434.2413552369194,286.66666666666663,0.0
2848.035868435799,286.66666666666663,0.0
3332.1709412448167,286.66666666666663,0.0
3898.603702549072,286.66666666666663,0.0
4561.323862890211,286.66666666666663,0.0
5336.699231206308,286.66666666666663,0.0
6243.879965653626,286.66666666666663,0.0
7305.271542664449,286.66666666666663,0.0
8547.08812559251,286.66666666666663,0.0
10000.0,286.66666666666663,0.0
10.0,294.87179487179486,0.07066666666666667
11.69989106589066,294.87179487179486,0.058
13.688745095370805,294.87179487179486,0.04533333333333334
16.015682644458355,294.87179487179486,0.029333333333333333
18.73817422860384,294.87179487179486,0.014
21.923459724834466,294.87179487179486,0.006
25.650209056800456,294.87179487179486,0.0013333333333333333
30.010465178188735,294.87179487179486,0.0
35.11191734215131,294.87179487179486,0.0
41.08056080177274,294.87179487179486,0.0
48.06380863064389,294.87179487179486,0.0
56.23413251903491,294.87179487179486,0.0
65.79332246575679,294.87179487179486,0.0
76.9774705712371,294.87179487179486,0.0
90.06280202112787,294.87179487179486,0.0
105.37249727360725,294.87179487179486,0.0
123.28467394420659,294.87179487179486,0.0
144.24172552410664,294.87179487179486,0.0
168.7612475788147,294.87179487179486,0.0
197.44882128159367,294.87179487179486,0.0
231.0129700083158,294.87179487179486,0.0
270.28265839051625,294.87179487179486,0.0
316.22776601683796,294.87179487179486,0.0
369.9830414406966,294.87179487179486,0.0
432.8761281083057,294.87179487179486,0.0
506.4603543891704,294.87179487179486,0.0
592.5530975545674,294.87179487179486,0.0
693.2806692144524,294.87179487179486,0.0
811.1308307896873,294.87179487179486,0.0
949.0142360424725,294.87179487179486,0.0
1110.336318167638,294.87179487179486,0.0
1299.0813969063468,294.87179487179486,0.0
1519.9110829529332,294.87179487179486,0.0
1778.2794100389228,294.87179487179486,0.0
2080.5675382171694,294.87179487179486,0.0
2434.2413552369194,294.87179487179486,0.0
2848.035868435799,294.87179487179486,0.0
3332.1709412448167,294.87179487179486,0.0
3898.603702549072,294.87179487179486,0.0
4561.323862890211,294.87179487179486,0.0
5336.699231206308,294.87179487179486,0.0
6243.879965653626,294.87179487179486,0.0
7305.271542664449,294.87179487179486,0.0
8547.08812559251,294.87179487179486,0.0
10000.0,294.87179487179486,0.0
10.0,303.0769230769231,0.04733333333333333
11.69989106589066,303.0769230769231,0.04066666666666666
13.688745095370805,303.0769230769231,0.026
16.015682644458355,303.0769230769231,0.014
18.73817422860384,303.0769230769231,0.006666666666666667
21.923459724834466,303.0769230769231,0.0006666666666666666
25.650209056800456,303.0769230769231,0.0006666666666666666
30.010465178188735,303.0769230769231,0.0
35.11191734215131,303.0769230769231,0.0
41.08056080177274,303.0769230769231,0.0
48.06380863064389,303.0769230769231,0.0
56.23413251903491,303.0769230769231,0.0
65.79332246575679,303.0769230769231,0.0
76.9774705712371,303.0769230769231,0.0
90.06280202112787,303.0769230769231,0.0
105.37249727360725,303.0769230769231,0.0
123.28467394420659,303.0769230769231,0.0
144.24172552410664,303.0769230769231,0.0
168.7612475788147,303.0769230769231,0.0
197.44882128159367,303.0769230769231,0.0
231.0129700083158,303.0769230769231,0.0
270.28265839051625,303.0769230769231,0.0
316.22776601683796,303.0769230769231,0.0
369.9830414406966,303.0769230769231,0.0
432.8761281083057,303.0769230769231,0.0
506.4603543891704,303.0769230769231,0.0
592.5530975545674,303.0769230769231,0.0
693.2806692144524,303.0769230769231,0.0
811.1308307896873,303.0769230769231,0.0
949.0142360424725,303.0769230769231,0.0
1110.336318167638,303.0769230769231,0.0
1299.0813969063468,303.0769230769231,0.0
1519.9110829529332,303.0769230769231,0.0
1778.2794100389228,303.0769230769231,0.0
2080.5675382171694,303.0769230769231,0.0
2434.2413552369194,303.0769230769231,0.0
2848.035868435799,303.0769230769231,0.0
3332.1709412448167,303.0769230769231,0.0
3898.603702549072,303.0769230769231,0.0
4561.323862890211,303.0769230769231,0.0
5336.699231206308,303.0769230769231,0.0
6243.879965653626,303.0769230769231,0.0
7305.271542664449,303.0769230769231,0.0
8547.08812559251,303.0769230769231,0.0
10000.0,303.0769230769231,0.0
10.0,311.28205128205127,0.03
11.69989106589066,311.28205128205127,0.022
13.688745095370805,311.28205128205127,0.01
16.015682644458355,311.28205128205127,0.005333333333333333
18.73817422860384,311.28205128205127,0.0013333333333333333
21.923459724834466,311.28205128205127,0.0006666666666666666
25.650209056800456,311.28205128205127,0.0
30.010465178188735,311.28205128205127,0.0
35.11191734215131,311.28205128205127,0.0
41.08056080177274,311.28205128205127,0.0
48.06380863064389,311.28205128205127,0.0
56.23413251903491,311.28205128205127,0.0
65.79332246575679,311.28205128205127,0.0
76.9774705712371,311.28205128205127,0.0
90.06280202112787,311.28205128205127,0.0
105.37249727360725,311.28205128205127,0.0
123.28467394420659,311.28205128205127,0.0
144.24172552410664,311.28205128205127,0.0
168.7612475788147,311.28205128205127,0.0
197.44882128159367,311.28205128205127,0.0
231.0129700083158,311.28205128205127,0.0
270.28265839051625,311.28205128205127,0.0
316.22776601683796,311.28205128205127,0.0
369.9830414406966,311.28205128205127,0.0
432.8761281083057,311.28205128205127,0.0
506.4603543891704,311.28205128205127,0.0
592.5530975545674,311.28205128205127,0.0
693.2806692144524,311.28205128205127,0.0
811.1308307896873,311.28205128205127,0.0
949.0142360424725,311.28205128205127,0.0
1110.336318167638,311.28205128205127,0.0
1299.0813969063468,311.28205128205127,0.0
1519.9110829529332,311.28205128205127,0.0
1778.2794100389228,311.28205128205127,0.0
2080.5675382171694,311.28205128205127,0.0
2434.2413552369194,311.28205128205127,0.0
2848.035868435799,311.28205128205127,0.0
3332.1709412448167,311.28205128205127,0.0
3898.603702549072,311.28205128205127,0.0
4561.323862890211,311.28205128205127,0.0
5336.699231206308,311.28205128205127,0.0
6243.879965653626,311.28205128205127,0.0
7305.271542664449,311.28205128205127,0.0
8547.08812559251,311.28205128205127,0.0
10000.0,311.28205128205127,0.0
10.0,319.48717948717945,0.014
11.69989106589066,319.48717948717945,0.007333333333333333
13.688745095370805,319.48717948717945,0.0033333333333333335
16.015682644458355,319.48717948717945,0.0006666666666666666
18.73817422860384,319.48717948717945,0.0006666666666666666
21.923459724834466,319.48717948717945,0.0
25.650209056800456,319.48717948717945,0.0
30.010465178188735,319.48717948717945,0.0
35.11191734215131,319.48717948717945,0.0
41.08056080177274,319.48717948717945,0.0
48.06380863064389,319.48717948717945,0.0
56.23413251903491,319.48717948717945,0.0
65.79332246575679,319.48717948717945,0.0
76.9774705712371,319.48717948717945,0.0
90.06280202112787,319.48717948717945,0.0
105.37249727360725,319.48717948717945,0.0
123.28467394420659,319.48717948717945,0.0
144.24172552410664,319.48717948717945,0.0
168.7612475788147,319.48717948717945,0.0
197.44882128159367,319.48717948717945,0.0
231.0129700083158,319.48717948717945,0.0
270.28265839051625,319.48717948717945,0.0
316.22776601683796,319.48717948717945,0.0
369.9830414406966,319.48717948717945,0.0
432.8761281083057,319.48717948717945,0.0
506.4603543891704,319.48717948717945,0.0
592.5530975545674,319.48717948717945,0.0
693.2806692144524,319.48717948717945,0.0
811.1308307896873,319.48717948717945,0.0
949.0142360424725,319.48717948717945,0.0
1110.336318167638,319.48717948717945,0.0
1299.0813969063468,319.48717948717945,0.0
1519.9110829529332,319.48717948717945,0.0
1778.2794100389228,319.48717948717945,0.0
2080.5675382171694,319.48717948717945,0.0
2434.2413552369194,319.48717948717945,0.0
2848.035868435799,319.48717948717945,0.0
3332.1709412448167,319.48717948717945,0.0
3898.603702549072,319.48717948717945,0.0
4561.323862890211,319.48717948717945,0.0
5336.699231206308,319.48717948717945,0.0
6243.879965653626,319.48717948717945,0.0
7305.271542664449,319.48717948717945,0.0
8547.08812559251,319.48717948717945,0.0
10000.0,319.48717948717945,0.0
10.0,327.6923076923077,0.005333333333333333
11.69989106589066,327.6923076923077,0.0013333333333333333
13.688745095370805,327.6923076923077,0.0006666666666666666
16.015682644458355,327.6923076923077,0.0006666666666666666
18.73817422860384,327.6923076923077,0.0
21.923459724834466,327.6923076923077,0.0
25.650209056800456,327.6923076923077,0.0
30.010465178188735,327.6923076923077,0.0
35.11191734215131,327.6923076923077,0.0
41.08056080177274,327.6923076923077,0.0
48.06380863064389,327.6923076923077,0.0
56.23413251903491,327.6923076923077,0.0
65.79332246575679,327.6923076923077,0.0
76.9774705712371,327.6923076923077,0.0
90.06280202112787,327.6923076923077,0.0
105.37249727360725,327.6923076923077,0.0
123.28467394420659,327.6923076923077,0.0
144.24172552410664,327.6923076923077,0.0
168.7612475788147,327.6923076923077,0.0
197.44882128159367,327.6923076923077,0.0
231.0129700083158,327.6923076923077,0.0
270.28265839051625,327.6923076923077,0.0
316.22776601683796,327.6923076923077,0.0
369.9830414406966,327.6923076923077,0.0
432.8761281083057,327.6923076923077,0.0
506.4603543891704,327.6923076923077,0.0
592.5530975545674,327.6923076923077,0.0
693.2806692144524,327.6923076923077,0.0
811.1308307896873,327.6923076923077,0.0
949.0142360424725,327.6923076923077,0.0
1110.336318167638,327.6923076923077,0.0
1299.0813969063468,327.6923076923077,0.0
1519.9110829529332,327.6923076923077,0.0
1778.2794100389228,327.6923076923077,0.0
2080.5675382171694,327.6923076923077,0.0
2434.2413552369194,327.6923076923077,0.0
2848.035868435799,327.6923076923077,0.0
3332.1709412448167,327.6923076923077,0.0
3898.603702549072,327.6923076923077,0.0
4561.323862890211,327.6923076923077,0.0
5336.699231206308,327.6923076923077,0.0
6243.879965653626,327.6923076923077,0.0
7305.271542664449,327.6923076923077,0.0
8547.08812559251,327.6923076923077,0.0
10000.0,327.6923076923077,0.0
10.0,335.8974358974359,0.0013333333333333333
11.69989106589066,335.8974358974359,0.0006666666666666666
13.688745095370805,335.8974358974359,0.0006666666666666666
16.015682644458355,335.8974358974359,0.0
18.73817422860384,335.8974358974359,0.0
21.923459724834466,335.8974358974359,0.0
25.650209056800456,335.8974358974359,0.0
30.010465178188735,335.8974358974359,0.0
35.11191734215131,335.8974358974359,0.0
41.08056080177274,335.8974358974359,0.0
48.06380863064389,335.8974358974359,0.0
56.23413251903491,335.8974358974359,0.0
65.79332246575679,335.8974358974359,0.0
76.9774705712371,335.8974358974359,0.0
90.06280202112787,335.8974358974359,0.0
105.37249727360725,335.8974358974359,0.0
123.28467394420659,335.8974358974359,0.0
144.24172552410664,335.8974358974359,0.0
168.7612475788147,335.8974358974359,0.0
197.44882128159367,335.8974358974359,0.0
231.0129700083158,335.8974358974359,0.0
270.28265839051625,335.8974358974359,0.0
316.22776601683796,335.8974358974359,0.0
369.9830414406966,335.8974358974359,0.0
432.8761281083057,335.8974358974359,0.0
506.4603543891704,335.8974358974359,0.0
592.5530975545674,335.8974358974359,0.0
693.2806692144524,335.8974358974359,0.0
811.1308307896873,335.8974358974359,0.0
949.0142360424725,335.8974358974359,0.0
1110.336318167638,335.8974358974359,0.0
1299.0813969063468,335.8974358974359,0.0
1519.9110829529332,335.8974358974359,0.0
1778.2794100389228,335.8974358974359,0.0
2080.5675382171694,335.8974358974359,0.0
2434.2413552369194,335.8974358974359,0.0
2848.035868435799,335.8974358974359,0.0
3332.1709412448167,335.8974358974359,0.0
3898.603702549072,335.8974358974359,0.0
4561.323862890211,335.8974358974359,0.0
5336.699231206308,335.8974358974359,0.0
6243.879965653626,335.8974358974359,0.0
7305.271542664449,335.8974358974359,0.0
8547.08812559251,335.8974358974359,0.0
10000.0,335.8974358974359,0.0
10.0,344.1025641025641,0.0006666666666666666
11.69989106589066,344.1025641025641,0.0
13.688745095370805,344.1025641025641,0.0
16.015682644458355,344.1025641025641,0.0
18.73817422860384,344.1025641025641,0.0
21.923459724834466,344.1025641025641,0.0
25.650209056800456,344.1025641025641,0.0
30.010465178188735,344.1025641025641,0.0
35.11191734215131,344.1025641025641,0.0
41.08056080177274,344.1025641025641,0.0
48.06380863064389,344.1025641025641,0.0
56.23413251903491,344.1025641025641,0.0
65.79332246575679,344.1025641025641,0.0
76.9774705712371,344.1025641025641,0.0
90.06280202112787,344.1025641025641,0.0
105.37249727360725,344.1025641025641,0.0
123.28467394420659,344.1025641025641,0.0
144.24172552410664,344.1025641025641,0.0
168.7612475788147,344.1025641025641,0.0
197.44882128159367,344.1025641025641,0.0
231.0129700083158,344.1025641025641,0.0
270.28265839051625,344.1025641025641,0.0
316.22776601683796,344.1025641025641,0.0
369.9830414406966,344.1025641025641,0.0
432.8761281083057,344.1025641025641,0.0
506.4603543891704,344.1025641025641,0.0
592.5530975545674,344.1025641025641,0.0
693.2806692144524,344.1025641025641,0.0
811.1308307896873,344.1025641025641,0.0
949.0142360424725,344.1025641025641,0.0
1110.336318167638,344.1025641025641,0.0
1299.0813969063468,344.1025641025641,0.0
1519.9110829529332,344.1025641025641,0.0
1778.2794100389228,344.1025641025641,0.0
2080.5675382171694,344.1025641025641,0.0
2434.2413552369194,344.1025641025641,0.0
2848.035868435799,344.1025641025641,0.0
3332.1709412448167,344.1025641025641,0.0
3898.603702549072,344.1025641025641,0.0
4561.323862890211,344.1025641025641,0.0
5336.699231206308,344.1025641025641,0.0
6243.879965653626,344.1025641025641,0.0
7305.271542664449,344.1025641025641,0.0
8547.08812559251,344.1025641025641,0.0
10000.0,344.1025641025641,0.0
10.0,352.30769230769226,0.0
11.69989106589066,352.30769230769226,0.0
13.688745095370805,352.30769230769226,0.0
16.015682644458355,352.30769230769226,0.0
18.73817422860384,352.30769230769226,0.0
21.923459724834466,352.30769230769226,0.0
25.650209056800456,352.30769230769226,0.0
30.010465178188735,352.30769230769226,0.0
35.11191734215131,352.30769230769226,0.0
41.08056080177274,352.30769230769226,0.0
48.06380863064389,352.30769230769226,0.0
56.23413251903491,352.30769230769226,0.0
65.79332246575679,352.30769230769226,0.0
76.9774705712371,352.30769230769226,0.0
90.06280202112787,352.30769230769226,0.0
105.37249727360725,352.30769230769226,0.0
123.28467394420659,352.30769230769226,0.0
144.24172552410664,352.30769230769226,0.0
168.7612475788147,352.30769230769226,0.0
197.44882128159367,352.30769230769226,0.0
231.0129700083158,352.30769230769226,0.0
270.28265839051625,352.30769230769226,0.0
316.22776601683796,352.30769230769226,0.0
369.9830414406966,352.30769230769226,0.0
432.8761281083057,352.30769230769226,0.0
506.4603543891704,352.30769230769226,0.0
592.5530975545674,352.30769230769226,0.0
693.2806692144524,352.30769230769226,0.0
811.1308307896873,352.30769230769226,0.0
949.0142360424725,352.30769230769226,0.0
1110.336318167638,352.30769230769226,0.0
1299.0813969063468,352.30769230769226,0.0
1519.9110829529332,352.30769230769226,0.0
1778.2794100389228,352.30769230769226,0.0
2080.5675382171694,352.30769230769226,0.0
2434.2413552369194,352.30769230769226,0.0
2848.035868435799,352.30769230769226,0.0
3332.1709412448167,352.30769230769226,0.0
3898.603702549072,352.30769230769226,0.0
4561.323862890211,352.30769230769226,0.0
5336.699231206308,352.30769230769226,0.0
6243.879965653626,352.30769230769226,0.0
7305.271542664449,352.30769230769226,0.0
8547.08812559251,352.30769230769226,0.0
10000.0,352.30769230769226,0.0
10.0,360.5128205128205,0.0
11.69989106589066,360.5128205128205,0.0
13.688745095370805,360.5128205128205,0.0
16.015682644458355,360.5128205128205,0.0
18.73817422860384,360.5128205128205,0.0
21.923459724834466,360.5128205128205,0.0
25.650209056800456,360.5128205128205,0.0
30.010465178188735,360.5128205128205,0.0
35.11191734215131,360.5128205128205,0.0
41.08056080177274,360.5128205128205,0.0
48.06380863064389,360.5128205128205,0.0
56.23413251903491,360.5128205128205,0.0
65.79332246575679,360.5128205128205,0.0
76.9774705712371,360.5128205128205,0.0
90.06280202112787,360.5128205128205,0.0
105.37249727360725,360.5128205128205,0.0
123.28467394420659,360.5128205128205,0.0
144.24172552410664,360.5128205128205,0.0
168.7612475788147,360.5128205128205,0.0
197.44882128159367,360.5128205128205,0.0
231.0129700083158,360.5128205128205,0.0
270.28265839051625,360.5128205128205,0.0
316.22776601683796,360.5128205128205,0.0
369.9830414406966,360.5128205128205,0.0
432.8761281083057,360.5128205128205,0.0
506.4603543891704,360.5128205128205,0.0
592.5530975545674,360.5128205128205,0.0
693.2806692144524,360.5128205128205,0.0
811.1308307896873,360.5128205128205,0.0
949.0142360424725,360.5128205128205,0.0
1110.336318167638,360.5128205128205,0.0
1299.0813969063468,360.5128205128205,0.0
1519.9110829529332,360.5128205128205,0.0
1778.2794100389228,360.5128205128205,0.0
2080.5675382171694,360.5128205128205,0.0
2434.2413552369194,360.5128205128205,0.0
2848.035868435799,360.5128205128205,0.0
3332.1709412448167,360.5128205128205,0.0
3898.603702549072,360.5128205128205,0.0
4561.323862890211,360.5128205128205,0.0
5336.699231206308,360.5128205128205,0.0
6243.879965653626,360.5128205128205,0.0
7305.271542664449,360.5128205128205,0.0
8547.08812559251,360.5128205128205,0.0
10000.0,360.5128205128205,0.0
10.0,368.71794871794873,0.0
11.69989106589066,368.71794871794873,0.0
13.688745095370805,368.71794871794873,0.0
16.015682644458355,368.71794871794873,0.0
18.73817422860384,368.71794871794873,0.0
21.923459724834466,368.71794871794873,0.0
25.650209056800456,368.71794871794873,0.0
30.010465178188735,368.71794871794873,0.0
35.11191734215131,368.71794871794873,0.0
41.08056080177274,368.71794871794873,0.0
48.06380863064389,368.71794871794873,0.0
56.23413251903491,368.71794871794873,0.0
65.79332246575679,368.71794871794873,0.0
76.9774705712371,368.71794871794873,0.0
90.06280202112787,368.71794871794873,0.0
105.37249727360725,368.71794871794873,0.0
123.28467394420659,368.71794871794873,0.0
144.24172552410664,368.71794871794873,0.0
168.7612475788147,368.71794871794873,0.0
197.44882128159367,368.71794871794873,0.0
231.0129700083158,368.71794871794873,0.0
270.28265839051625,368.71794871794873,0.0
316.22776601683796,368.71794871794873,0.0
369.9830414406966,368.71794871794873,0.0
432.8761281083057,368.71794871794873,0.0
506.4603543891704,368.71794871794873,0.0
592.5530975545674,368.71794871794873,0.0
693.2806692144524,368.71794871794873,0.0
811.1308307896873,368.71794871794873,0.0
949.0142360424725,368.71794871794873,0.0
1110.336318167638,368.71794871794873,0.0
1299.0813969063468,368.71794871794873,0.0
1519.9110829529332,368.71794871794873,0.0
1778.2794100389228,368.71794871794873,0.0
2080.5675382171694,368.71794871794873,0.0
2434.2413552369194,368.71794871794873,0.0
2848.035868435799,368.71794871794873,0.0
3332.1709412448167,368.71794871794873,0.0
3898.603702549072,368.71794871794873,0.0
4561.323862890211,368.71794871794873,0.0
5336.699231206308,368.71794871794873,0.0
6243.879965653626,368.71794871794873,0.0
7305.271542664449,368.71794871794873,0.0
8547.08812559251,368.71794871794873,0.0
10000.0,368.71794871794873,0.0
10.0,376.9230769230769,0.0
11.69989106589066,376.9230769230769,0.0
13.688745095370805,376.9230769230769,0.0
16.015682644458355,376.9230769230769,0.0
18.73817422860384,376.9230769230769,0.0
21.923459724834466,376.9230769230769,0.0
25.650209056800456,376.9230769230769,0.0
30.010465178188735,376.9230769230769,0.0
35.11191734215131,376.9230769230769,0.0
41.08056080177274,376.9230769230769,0.0
48.06380863064389,376.9230769230769,0.0
56.23413251903491,376.9230769230769,0.0
65.79332246575679,376.9230769230769,0.0
76.9774705712371,376.9230769230769,0.0
90.06280202112787,376.9230769230769,0.0
105.37249727360725,376.9230769230769,0.0
123.28467394420659,376.9230769230769,0.0
144.24172552410664,376.9230769230769,0.0
168.7612475788147,376.9230769230769,0.0
197.44882128159367,376.9230769230769,0.0
231.0129700083158,376.9230769230769,0.0
270.28265839051625,376.9230769230769,0.0
316.22776601683796,376.9230769230769,0.0
369.9830414406966,376.9230769230769,0.0
432.8761281083057,376.9230769230769,0.0
506.4603543891704,376.9230769230769,0.0
592.5530975545674,376.9230769230769,0.0
693.2806692144524,376.9230769230769,0.0
811.1308307896873,376.9230769230769,0.0
949.0142360424725,376.9230769230769,0.0
1110.336318167638,376.9230769230769,0.0
1299.0813969063468,376.9230769230769,0.0
1519.9110829529332,376.9230769230769,0.0
1778.2794100389228,376.9230769230769,0.0
2080.5675382171694,376.9230769230769,0.0
2434.2413552369194,376.9230769230769,0.0
2848.035868435799,376.9230769230769,0.0
3332.1709412448167,376.9230769230769,0.0
3898.603702549072,376.9230769230769,0.0
4561.323862890211,376.9230769230769,0.0
5336.699231206308,376.9230769230769,0.0
6243.879965653626,376.9230769230769,0.0
7305.271542664449,376.9230769230769,0.0
8547.08812559251,376.9230769230769,0.0
10000.0,376.9230769230769,0.0
10.0,385.1282051282051,0.0
11.69989106589066,385.1282051282051,0.0
13.688745095370805,385.1282051282051,0.0
16.015682644458355,385.1282051282051,0.0
18.73817422860384,385.1282051282051,0.0
21.923459724834466,385.1282051282051,0.0
25.650209056800456,385.1282051282051,0.0
30.010465178188735,385.1282051282051,0.0
35.11191734215131,385.1282051282051,0.0
41.08056080177274,385.1282051282051,0.0
48.06380863064389,385.1282051282051,0.0
56.23413251903491,385.1282051282051,0.0
65.79332246575679,385.1282051282051,0.0
76.9774705712371,385.1282051282051,0.0
90.06280202112787,385.1282051282051,0.0
105.37249727360725,385.1282051282051,0.0
123.28467394420659,385.1282051282051,0.0
144.24172552410664,385.1282051282051,0.0
168.7612475788147,385.1282051282051,0.0
197.44882128159367,385.1282051282051,0.0
231.0129700083158,385.1282051282051,0.0
270.28265839051625,385.1282051282051,0.0
316.22776601683796,385.1282051282051,0.0
369.9830414406966,385.1282051282051,0.0
432.8761281083057,385.1282051282051,0.0
506.4603543891704,385.1282051282051,0.0
592.5530975545674,385.1282051282051,0.0
693.2806692144524,385.1282051282051,0.0
811.1308307896873,385.1282051282051,0.0
949.0142360424725,385.1282051282051,0.0
1110.336318167638,385.1282051282051,0.0
1299.0813969063468,385.1282051282051,0.0
1519.9110829529332,385.1282051282051,0.0
1778.2794100389228,385.1282051282051,0.0
2080.5675382171694,385.1282051282051,0.0
2434.2413552369194,385.1282051282051,0.0
2848.035868435799,385.1282051282051,0.0
3332.1709412448167,385.1282051282051,0.0
3898.603702549072,385.1282051282051,0.0
4561.323862890211,385.1282051282051,0.0
5336.699231206308,385.1282051282051,0.0
6243.879965653626,385.1282051282051,0.0
7305.271542664449,385.1282051282051,0.0
8547.08812559251,385.1282051282051,0.0
10000.0,385.1282051282051,0.0
10.0,393.3333333333333,0.0
11.69989106589066,393.3333333333333,0.0
13.688745095370805,393.3333333333333,0.0
16.015682644458355,393.3333333333333,0.0
18.73817422860384,393.3333333333333,0.0
21.923459724834466,393.3333333333333,0.0
25.650209056800456,393.3333333333333,0.0
30.010465178188735,393.3333333333333,0.0
35.11191734215131,393.3333333333333,0.0
41.08056080177274,393.3333333333333,0.0
48.06380863064389,393.3333333333333,0.0
56.23413251903491,393.3333333333333,0.0
65.79332246575679,393.3333333333333,0.0
76.9774705712371,393.3333333333333,0.0
90.06280202112787,393.3333333333333,0.0
105.37249727360725,393.3333333333333,0.0
123.28467394420659,393.3333333333333,0.0
144.24172552410664,393.3333333333333,0.0
168.7612475788147,393.3333333333333,0.0
197.44882128159367,393.3333333333333,0.0
231.0129700083158,393.3333333333333,0.0
270.28265839051625,393.3333333333333,0.0
316.22776601683796,393.3333333333333,0.0
369.9830414406966,393.3333333333333,0.0
432.8761281083057,393.3333333333333,0.0
506.4603543891704,393.3333333333333,0.0
592.5530975545674,393.3333333333333,0.0
693.2806692144524,393.3333333333333,0.0
811.1308307896873,393.3333333333333,0.0
949.0142360424725,393.3333333333333,0.0
1110.336318167638,393.3333333333333,0.0
1299.0813969063468,393.3333333333333,0.0
1519.9110829529332,393.3333333333333,0.0
1778.2794100389228,393.3333333333333,0.0
2080.5675382171694,393.3333333333333,0.0
2434.2413552369194,393.3333333333333,0.0
2848.035868435799,393.3333333333333,0.0
3332.1709412448167,393.3333333333333,0.0
3898.603702549072,393.3333333333333,0.0
4561.323862890211,393.3333333333333,0.0
5336.699231206308,393.3333333333333,0.0
6243.879965653626,393.3333333333333,0.0
7305.271542664449,393.3333333333333,0.0
8547.08812559251,393.3333333333333,0.0
10000.0,393.3333333333333,0.0
10.0,401.53846153846155,0.0
11.69989106589066,401.53846153846155,0.0
13.688745095370805,401.53846153846155,0.0
16.015682644458355,401.53846153846155,0.0
18.73817422860384,401.53846153846155,0.0
21.923459724834466,401.53846153846155,0.0
25.650209056800456,401.53846153846155,0.0
30.010465178188735,401.53846153846155,0.0
35.11191734215131,401.53846153846155,0.0
41.08056080177274,401.53846153846155,0.0
48.06380863064389,401.53846153846155,0.0
56.23413251903491,401.53846153846155,0.0
65.79332246575679,401.53846153846155,0.0
76.9774705712371,401.53846153846155,0.0
90.06280202112787,401.53846153846155,0.0
105.37249727360725,401.53846153846155,0.0
123.28467394420659,401.53846153846155,0.0
144.24172552410664,401.53846153846155,0.0
168.7612475788147,401.53846153846155,0.0
197.44882128159367,401.53846153846155,0.0
231.0129700083158,401.53846153846155,0.0
270.28265839051625,401.53846153846155,0.0
316.22776601683796,401.53846153846155,0.0
369.9830414406966,401.53846153846155,0.0
432.8761281083057,401.53846153846155,0.0
506.4603543891704,401.53846153846155,0.0
592.5530975545674,401.53846153846155,0.0
693.2806692144524,401.53846153846155,0.0
811.1308307896873,401.53846153846155,0.0
949.0142360424725,401.53846153846155,0.0
1110.336318167638,401.53846153846155,0.0
1299.0813969063468,401.53846153846155,0.0
1519.9110829529332,401.53846153846155,0.0
1778.2794100389228,401.53846153846155,0.0
2080.5675382171694,401.53846153846155,0.0
2434.2413552369194,401.53846153846155,0.0
2848.035868435799,401.53846153846155,0.0
3332.1709412448167,401.53846153846155,0.0
3898.603702549072,401.53846153846155,0.0
4561.323862890211,401.53846153846155,0.0
5336.699231206308,401.53846153846155,0.0
6243.879965653626,401.53846153846155,0.0
7305.271542664449,401.53846153846155,0.0
8547.08812559251,401.53846153846155,0.0
10000.0,401.53846153846155,0.0
10.0,409.7435897435897,0.0
11.69989106589066,409.7435897435897,0.0
13.688745095370805,409.7435897435897,0.0
16.015682644458355,409.7435897435897,0.0
18.73817422860384,409.7435897435897,0.0
21.923459724834466,409.7435897435897,0.0
25.650209056800456,409.7435897435897,0.0
30.010465178188735,409.7435897435897,0.0
35.11191734215131,409.7435897435897,0.0
41.08056080177274,409.7435897435897,0.0
48.06380863064389,409.7435897435897,0.0
56.23413251903491,409.7435897435897,0.0
65.79332246575679,409.7435897435897,0.0
76.9774705712371,409.7435897435897,0.0
90.06280202112787,409.7435897435897,0.0
105.37249727360725,409.7435897435897,0.0
123.28467394420659,409.7435897435897,0.0
144.24172552410664,409.7435897435897,0.0
168.7612475788147,409.7435897435897,0.0
197.44882128159367,409.7435897435897,0.0
231.0129700083158,409.7435897435897,0.0
270.28265839051625,409.7435897435897,0.0
316.22776601683796,409.7435897435897,0.0
369.9830414406966,409.7435897435897,0.0
432.8761281083057,409.7435897435897,0.0
506.4603543891704,409.7435897435897,0.0
592.5530975545674,409.7435897435897,0.0
693.2806692144524,409.7435897435897,0.0
811.1308307896873,409.7435897435897,0.0
949.0142360424725,409.7435897435897,0.0
1110.336318167638,409.7435897435897,0.0
1299.0813969063468,409.7435897435897,0.0
1519.9110829529332,409.7435897435897,0.0
1778.2794100389228,409.7435897435897,0.0
2080.5675382171694,409.7435897435897,0.0
2434.2413552369194,409.7435897435897,0.0
2848.035868435799,409.7435897435897,0.0
3332.1709412448167,409.7435897435897,0.0
3898.603702549072,409.7435897435897,0.0
4561.323862890211,409.7435897435897,0.0
5336.699231206308,409.7435897435897,0.0
6243.879965653626,409.7435897435897,0.0
7305.271542664449,409.7435897435897,0.0
8547.08812559251,409.7435897435897,0.0
10000.0,409.7435897435897,0.0
10.0,417.9487179487179,0.0
11.69989106589066,417.9487179487179,0.0
13.688745095370805,417.9487179487179,0.0
16.015682644458355,417.9487179487179,0.0
18.73817422860384,417.9487179487179,0.0
21.923459724834466,417.9487179487179,0.0
25.650209056800456,417.9487179487179,0.0
30.010465178188735,417.9487179487179,0.0
35.11191734215131,417.9487179487179,0.0
41.08056080177274,417.9487179487179,0.0
48.06380863064389,417.9487179487179,0.0
56.23413251903491,417.9487179487179,0.0
65.79332246575679,417.9487179487179,0.0
76.9774705712371,417.9487179487179,0.0
90.06280202112787,417.9487179487179,0.0
105.37249727360725,417.9487179487179,0.0
123.28467394420659,417.9487179487179,0.0
144.24172552410664,417.9487179487179,0.0
168.7612475788147,417.9487179487179,0.0
197.44882128159367,417.9487179487179,0.0
231.0129700083158,417.9487179487179,0.0
270.28265839051625,417.9487179487179,0.0
316.22776601683796,417.9487179487179,0.0
369.9830414406966,417.9487179487179,0.0
432.8761281083057,417.9487179487179,0.0
506.4603543891704,417.9487179487179,0.0
592.5530975545674,417.9487179487179,0.0
693.2806692144524,417.9487179487179,0.0
811.1308307896873,417.9487179487179,0.0
949.0142360424725,417.9487179487179,0.0
1110.336318167638,417.9487179487179,0.0
1299.0813969063468,417.9487179487179,0.0
1519.9110829529332,417.9487179487179,0.0
1778.2794100389228,417.9487179487179,0.0
2080.5675382171694,417.9487179487179,0.0
2434.2413552369194,417.9487179487179,0.0
2848.035868435799,417.9487179487179,0.0
3332.1709412448167,417.9487179487179,0.0
3898.603702549072,417.9487179487179,0.0
4561.323862890211,417.9487179487179,0.0
5336.699231206308,417.9487179487179,0.0
6243.879965653626,417.9487179487179,0.0
7305.271542664449,417.9487179487179,0.0
8547.08812559251,417.9487179487179,0.0
10000.0,417.9487179487179,0.0
10.0,426.15384615384613,0.0
11.69989106589066,426.15384615384613,0.0
13.688745095370805,426.15384615384613,0.0
16.015682644458355,426.15384615384613,0.0
18.73817422860384,426.15384615384613,0.0
21.923459724834466,426.15384615384613,0.0
25.650209056800456,426.15384615384613,0.0
30.010465178188735,426.15384615384613,0.0
35.11191734215131,426.15384615384613,0.0
41.08056080177274,426.15384615384613,0.0
48.06380863064389,426.15384615384613,0.0
56.23413251903491,426.15384615384613,0.0
65.79332246575679,426.15384615384613,0.0
76.9774705712371,426.15384615384613,0.0
90.06280202112787,426.15384615384613,0.0
105.37249727360725,426.15384615384613,0.0
123.28467394420659,426.15384615384613,0.0
144.24172552410664,426.15384615384613,0.0
168.7612475788147,426.15384615384613,0.0
197.44882128159367,426.15384615384613,0.0
231.0129700083158,426.15384615384613,0.0
270.28265839051625,426.15384615384613,0.0
316.22776601683796,426.15384615384613,0.0
369.9830414406966,426.15384615384613,0.0
432.8761281083057,426.15384615384613,0.0
506.4603543891704,426.15384615384613,0.0
592.5530975545674,426.15384615384613,0.0
693.2806692144524,426.15384615384613,0.0
811.1308307896873,426.15384615384613,0.0
949.0142360424725,426.15384615384613,0.0
1110.336318167638,426.15384615384613,0.0
1299.0813969063468,426.15384615384613,0.0
1519.9110829529332,426.15384615384613,0.0
1778.2794100389228,426.15384615384613,0.0
2080.5675382171694,426.15384615384613,0.0
2434.2413552369194,426.15384615384613,0.0
2848.035868435799,426.15384615384613,0.0
3332.1709412448167,426.15384615384613,0.0
3898.603702549072,426.15384615384613,0.0
4561.323862890211,426.15384615384613,0.0
5336.699231206308,426.15384615384613,0.0
6243.879965653626,426.15384615384613,0.0
7305.271542664449,426.15384615384613,0.0
8547.08812559251,426.15384615384613,0.0
10000.0,426.15384615384613,0.0
10.0,434.35897435897436,0.0
11.69989106589066,434.35897435897436,0.0
13.688745095370805,434.35897435897436,0.0
16.015682644458355,434.35897435897436,0.0
18.73817422860384,434.35897435897436,0.0
21.923459724834466,434.35897435897436,0.0
25.650209056800456,434.35897435897436,0.0
30.010465178188735,434.35897435897436,0.0
35.11191734215131,434.35897435897436,0.0
41.08056080177274,434.35897435897436,0.0
48.06380863064389,434.35897435897436,0.0
56.23413251903491,434.35897435897436,0.0
65.79332246575679,434.35897435897436,0.0
76.9774705712371,434.35897435897436,0.0
90.06280202112787,434.35897435897436,0.0
105.37249727360725,434.35897435897436,0.0
123.28467394420659,434.35897435897436,0.0
144.24172552410664,434.35897435897436,0.0
168.7612475788147,434.35897435897436,0.0
197.44882128159367,434.35897435897436,0.0
231.0129700083158,434.35897435897436,0.0
270.28265839051625,434.35897435897436,0.0
316.22776601683796,434.35897435897436,0.0
369.9830414406966,434.35897435897436,0.0
432.8761281083057,434.35897435897436,0.0
506.4603543891704,434.35897435897436,0.0
592.5530975545674,434.35897435897436,0.0
693.2806692144524,434.35897435897436,0.0
811.1308307896873,434.35897435897436,0.0
949.0142360424725,434.35897435897436,0.0
1110.336318167638,434.35897435897436,0.0
1299.0813969063468,434.35897435897436,0.0
1519.9110829529332,434.35897435897436,0.0
1778.2794100389228,434.35897435897436,0.0
2080.5675382171694,434.35897435897436,0.0
2434.2413552369194,434.35897435897436,0.0
2848.035868435799,434.35897435897436,0.0
3332.1709412448167,434.35897435897436,0.0
3898.603702549072,434.35897435897436,0.0
4561.323862890211,434.35897435897436,0.0
5336.699231206308,434.35897435897436,0.0
6243.879965653626,434.35897435897436,0.0
7305.271542664449,434.35897435897436,0.0
8547.08812559251,434.35897435897436,0.0
10000.0,434.35897435897436,0.0
10.0,442.56410256410254,0.0
11.69989106589066,442.56410256410254,0.0
13.688745095370805,442.56410256410254,0.0
16.015682644458355,442.56410256410254,0.0
18.73817422860384,442.56410256410254,0.0
21.923459724834466,442.56410256410254,0.0
25.650209056800456,442.56410256410254,0.0
30.010465178188735,442.56410256410254,0.0
35.11191734215131,442.56410256410254,0.0
41.08056080177274,442.56410256410254,0.0
48.06380863064389,442.56410256410254,0.0
56.23413251903491,442.56410256410254,0.0
65.79332246575679,442.56410256410254,0.0
76.9774705712371,442.56410256410254,0.0
90.06280202112787,442.56410256410254,0.0
105.37249727360725,442.56410256410254,0.0
123.28467394420659,442.56410256410254,0.0
144.24172552410664,442.56410256410254,0.0
168.7612475788147,442.56410256410254,0.0
197.44882128159367,442.56410256410254,0.0
231.0129700083158,442.56410256410254,0.0
270.28265839051625,442.56410256410254,0.0
316.22776601683796,442.56410256410254,0.0
369.9830414406966,442.56410256410254,0.0
432.8761281083057,442.56410256410254,0.0
506.4603543891704,442.56410256410254,0.0
592.5530975545674,442.56410256410254,0.0
693.2806692144524,442.56410256410254,0.0
811.1308307896873,442.56410256410254,0.0
949.0142360424725,442.56410256410254,0.0
1110.336318167638,442.56410256410254,0.0
1299.0813969063468,442.56410256410254,0.0
1519.9110829529332,442.56410256410254,0.0
1778.2794100389228,442.56410256410254,0.0
2080.5675382171694,442.56410256410254,0.0
2434.2413552369194,442.56410256410254,0.0
2848.035868435799,442.56410256410254,0.0
3332.1709412448167,442.56410256410254,0.0
3898.603702549072,442.56410256410254,0.0
4561.323862890211,442.56410256410254,0.0
5336.699231206308,442.56410256410254,0.0
6243.879965653626,442.56410256410254,0.0
7305.271542664449,442.56410256410254,0.0
8547.08812559251,442.56410256410254,0.0
10000.0,442.56410256410254,0.0
10.0,450.7692307692307,0.0
11.69989106589066,450.7692307692307,0.0
13.688745095370805,450.7692307692307,0.0
16.015682644458355,450.7692307692307,0.0
18.73817422860384,450.7692307692307,0.0
21.923459724834466,450.7692307692307,0.0
25.650209056800456,450.7692307692307,0.0
30.010465178188735,450.7692307692307,0.0
35.11191734215131,450.7692307692307,0.0
41.08056080177274,450.7692307692307,0.0
48.06380863064389,450.7692307692307,0.0
56.23413251903491,450.7692307692307,0.0
65.79332246575679,450.7692307692307,0.0
76.9774705712371,450.7692307692307,0.0
90.06280202112787,450.7692307692307,0.0
105.37249727360725,450.7692307692307,0.0
123.28467394420659,450.7692307692307,0.0
144.24172552410664,450.7692307692307,0.0
168.7612475788147,450.7692307692307,0.0
197.44882128159367,450.7692307692307,0.0
231.0129700083158,450.7692307692307,0.0
270.28265839051625,450.7692307692307,0.0
316.22776601683796,450.7692307692307,0.0
369.9830414406966,450.7692307692307,0.0
432.8761281083057,450.7692307692307,0.0
506.4603543891704,450.7692307692307,0.0
592.5530975545674,450.7692307692307,0.0
693.2806692144524,450.7692307692307,0.0
811.1308307896873,450.7692307692307,0.0
949.0142360424725,450.7692307692307,0.0
1110.336318167638,450.7692307692307,0.0
1299.0813969063468,450.7692307692307,0.0
1519.9110829529332,450.7692307692307,0.0
1778.2794100389228,450.7692307692307,0.0
2080.5675382171694,450.7692307692307,0.0
2434.2413552369194,450.7692307692307,0.0
2848.035868435799,450.7692307692307,0.0
3332.1709412448167,450.7692307692307,0.0
3898.603702549072,450.7692307692307,0.0
4561.323862890211,450.7692307692307,0.0
5336.699231206308,450.7692307692307,0.0
6243.879965653626,450.7692307692307,0.0
7305.271542664449,450.7692307692307,0.0
8547.08812559251,450.7692307692307,0.0
10000.0,450.7692307692307,0.0
10.0,458.97435897435895,0.0
11.69989106589066,458.97435897435895,0.0
13.688745095370805,458.97435897435895,0.0
16.015682644458355,458.97435897435895,0.0
18.73817422860384,458.97435897435895,0.0
21.923459724834466,458.97435897435895,0.0
25.650209056800456,458.97435897435895,0.0
30.010465178188735,458.97435897435895,0.0
35.11191734215131,458.97435897435895,0.0
41.08056080177274,458.97435897435895,0.0
48.06380863064389,458.97435897435895,0.0
56.23413251903491,458.97435897435895,0.0
65.79332246575679,458.97435897435895,0.0
76.9774705712371,458.97435897435895,0.0
90.06280202112787,458.97435897435895,0.0
105.37249727360725,458.97435897435895,0.0
123.28467394420659,458.97435897435895,0.0
144.24172552410664,458.97435897435895,0.0
168.7612475788147,458.97435897435895,0.0
197.44882128159367,458.97435897435895,0.0
231.0129700083158,458.97435897435895,0.0
270.28265839051625,458.97435897435895,0.0
316.22776601683796,458.97435897435895,0.0
369.9830414406966,458.97435897435895,0.0
432.8761281083057,458.97435897435895,0.0
506.4603543891704,458.97435897435895,0.0
592.5530975545674,458.97435897435895,0.0
693.2806692144524,458.97435897435895,0.0
811.1308307896873,458.97435897435895,0.0
949.0142360424725,458.97435897435895,0.0
1110.336318167638,458.97435897435895,0.0
1299.0813969063468,458.97435897435895,0.0
1519.9110829529332,458.97435897435895,0.0
1778.2794100389228,458.97435897435895,0.0
2080.5675382171694,458.97435897435895,0.0
2434.2413552369194,458.97435897435895,0.0
2848.035868435799,458.97435897435895,0.0
3332.1709412448167,458.97435897435895,0.0
3898.603702549072,458.97435897435895,0.0
4561.323862890211,458.97435897435895,0.0
5336.699231206308,458.97435897435895,0.0
6243.879965653626,458.97435897435895,0.0
7305.271542664449,458.97435897435895,0.0
8547.08812559251,458.97435897435895,0.0
10000.0,458.97435897435895,0.0
10.0,467.1794871794872,0.0
11.69989106589066,467.1794871794872,0.0
13.688745095370805,467.1794871794872,0.0
16.015682644458355,467.1794871794872,0.0
18.73817422860384,467.1794871794872,0.0
21.923459724834466,467.1794871794872,0.0
25.650209056800456,467.1794871794872,0.0
30.010465178188735,467.1794871794872,0.0
35.11191734215131,467.1794871794872,0.0
41.08056080177274,467.1794871794872,0.0
48.06380863064389,467.1794871794872,0.0
56.23413251903491,467.1794871794872,0.0
65.79332246575679,467.1794871794872,0.0
76.9774705712371,467.1794871794872,0.0
90.06280202112787,467.1794871794872,0.0
105.37249727360725,467.1794871794872,0.0
123.28467394420659,467.1794871794872,0.0
144.24172552410664,467.1794871794872,0.0
168.7612475788147,467.1794871794872,0.0
197.44882128159367,467.1794871794872,0.0
231.0129700083158,467.1794871794872,0.0
270.28265839051625,467.1794871794872,0.0
316.22776601683796,467.1794871794872,0.0
369.9830414406966,467.1794871794872,0.0
432.8761281083057,467.1794871794872,0.0
506.4603543891704,467.1794871794872,0.0
592.5530975545674,467.1794871794872,0.0
693.2806692144524,467.1794871794872,0.0
811.1308307896873,467.1794871794872,0.0
949.0142360424725,467.1794871794872,0.0
1110.336318167638,467.1794871794872,0.0
1299.0813969063468,467.1794871794872,0.0
1519.9110829529332,467.1794871794872,0.0
1778.2794100389228,467.1794871794872,0.0
2080.5675382171694,467.1794871794872,0.0
2434.2413552369194,467.1794871794872,0.0
2848.035868435799,467.1794871794872,0.0
3332.1709412448167,467.1794871794872,0.0
3898.603702549072,467.1794871794872,0.0
4561.323862890211,467.1794871794872,0.0
5336.699231206308,467.1794871794872,0.0
6243.879965653626,467.1794871794872,0.0
7305.271542664449,467.1794871794872,0.0
8547.08812559251,467.1794871794872,0.0
10000.0,467.1794871794872,0.0
10.0,475.38461538461536,0.0
11.69989106589066,475.38461538461536,0.0
13.688745095370805,475.38461538461536,0.0
16.015682644458355,475.38461538461536,0.0
18.73817422860384,475.38461538461536,0.0
21.923459724834466,475.38461538461536,0.0
25.650209056800456,475.38461538461536,0.0
30.010465178188735,475.38461538461536,0.0
35.11191734215131,475.38461538461536,0.0
41.08056080177274,475.38461538461536,0.0
48.06380863064389,475.38461538461536,0.0
56.23413251903491,475.38461538461536,0.0
65.79332246575679,475.38461538461536,0.0
76.9774705712371,475.38461538461536,0.0
90.06280202112787,475.38461538461536,0.0
105.37249727360725,475.38461538461536,0.0
123.28467394420659,475.38461538461536,0.0
144.24172552410664,475.38461538461536,0.0
168.7612475788147,475.38461538461536,0.0
197.44882128159367,475.38461538461536,0.0
231.0129700083158,475.38461538461536,0.0
270.28265839051625,475.38461538461536,0.0
316.22776601683796,475.38461538461536,0.0
369.9830414406966,475.38461538461536,0.0
432.8761281083057,475.38461538461536,0.0
506.4603543891704,475.38461538461536,0.0
592.5530975545674,475.38461538461536,0.0
693.2806692144524,475.38461538461536,0.0
811.1308307896873,475.38461538461536,0.0
949.0142360424725,475.38461538461536,0.0
1110.336318167638,475.38461538461536,0.0
1299.0813969063468,475.38461538461536,0.0
1519.9110829529332,475.38461538461536,0.0
1778.2794100389228,475.38461538461536,0.0
2080.5675382171694,475.38461538461536,0.0
2434.2413552369194,475.38461538461536,0.0
2848.035868435799,475.38461538461536,0.0
3332.1709412448167,475.38461538461536,0.0
3898.603702549072,475.38461538461536,0.0
4561.323862890211,475.38461538461536,0.0
5336.699231206308,475.38461538461536,0.0
6243.879965653626,475.38461538461536,0.0
7305.271542664449,475.38461538461536,0.0
8547.08812559251,475.38461538461536,0.0
10000.0,475.38461538461536,0.0
10.0,483.58974358974353,0.0
11.69989106589066,483.58974358974353,0.0
13.688745095370805,483.58974358974353,0.0
16.015682644458355,483.58974358974353,0.0
18.73817422860384,483.58974358974353,0.0
21.923459724834466,483.58974358974353,0.0
25.650209056800456,483.58974358974353,0.0
30.010465178188735,483.58974358974353,0.0
35.11191734215131,483.58974358974353,0.0
41.08056080177274,483.58974358974353,0.0
48.06380863064389,483.58974358974353,0.0
56.23413251903491,483.58974358974353,0.0
65.79332246575679,483.58974358974353,0.0
76.9774705712371,483.58974358974353,0.0
90.06280202112787,483.58974358974353,0.0
105.37249727360725,483.58974358974353,0.0
123.28467394420659,483.58974358974353,0.0
144.24172552410664,483.58974358974353,0.0
168.7612475788147,483.58974358974353,0.0
197.44882128159367,483.58974358974353,0.0
231.0129700083158,483.58974358974353,0.0
270.28265839051625,483.58974358974353,0.0
316.22776601683796,483.58974358974353,0.0
369.9830414406966,483.58974358974353,0.0
432.8761281083057,483.58974358974353,0.0
506.4603543891704,483.58974358974353,0.0
592.5530975545674,483.58974358974353,0.0
693.2806692144524,483.58974358974353,0.0
811.1308307896873,483.58974358974353,0.0
949.0142360424725,483.58974358974353,0.0
1110.336318167638,483.58974358974353,0.0
1299.0813969063468,483.58974358974353,0.0
1519.9110829529332,483.58974358974353,0.0
1778.2794100389228,483.58974358974353,0.0
2080.5675382171694,483.58974358974353,0.0
2434.2413552369194,483.58974358974353,0.0
2848.035868435799,483.58974358974353,0.0
3332.1709412448167,483.58974358974353,0.0
3898.603702549072,483.58974358974353,0.0
4561.323862890211,483.58974358974353,0.0
5336.699231206308,483.58974358974353,0.0
6243.879965653626,483.58974358974353,0.0
7305.271542664449,483.58974358974353,0.0
8547.08812559251,483.58974358974353,0.0
10000.0,483.58974358974353,0.0
10.0,491.79487179487177,0.0
11.69989106589066,491.79487179487177,0.0
13.688745095370805,491.79487179487177,0.0
16.015682644458355,491.79487179487177,0.0
18.73817422860384,491.79487179487177,0.0
21.923459724834466,491.79487179487177,0.0
25.650209056800456,491.79487179487177,0.0
30.010465178188735,491.79487179487177,0.0
35.11191734215131,491.79487179487177,0.0
41.08056080177274,491.79487179487177,0.0
48.06380863064389,491.79487179487177,0.0
56.23413251903491,491.79487179487177,0.0
65.79332246575679,491.79487179487177,0.0
76.9774705712371,491.79487179487177,0.0
90.06280202112787,491.79487179487177,0.0
105.37249727360725,491.79487179487177,0.0
123.28467394420659,491.79487179487177,0.0
144.24172552410664,491.79487179487177,0.0
168.7612475788147,491.79487179487177,0.0
197.44882128159367,491.79487179487177,0.0
231.0129700083158,491.79487179487177,0.0
270.28265839051625,491.79487179487177,0.0
316.22776601683796,491.79487179487177,0.0
369.9830414406966,491.79487179487177,0.0
432.8761281083057,491.79487179487177,0.0
506.4603543891704,491.79487179487177,0.0
592.5530975545674,491.79487179487177,0.0
693.2806692144524,491.79487179487177,0.0
811.1308307896873,491.79487179487177,0.0
949.0142360424725,491.79487179487177,0.0
1110.336318167638,491.79487179487177,0.0
1299.0813969063468,491.79487179487177,0.0
1519.9110829529332,491.79487179487177,0.0
1778.2794100389228,491.79487179487177,0.0
2080.5675382171694,491.79487179487177,0.0
2434.2413552369194,491.79487179487177,0.0
2848.035868435799,491.79487179487177,0.0
3332.1709412448167,491.79487179487177,0.0
3898.603702549072,491.79487179487177,0.0
4561.323862890211,491.79487179487177,0.0
5336.699231206308,491.79487179487177,0.0
6243.879965653626,491.79487179487177,0.0
7305.271542664449,491.79487179487177,0.0
8547.08812559251,491.79487179487177,0.0
10000.0,491.79487179487177,0.0
10.0,500.0,0.0
11.69989106589066,500.0,0.0
13.688745095370805,500.0,0.0
16.015682644458355,500.0,0.0
18.73817422860384,500.0,0.0
21.923459724834466,500.0,0.0
25.650209056800456,500.0,0.0
30.010465178188735,500.0,0.0
35.11191734215131,500.0,0.0
41.08056080177274,500.0,0.0
48.06380863064389,500.0,0.0
56.23413251903491,500.0,0.0
65.79332246575679,500.0,0.0
76.9774705712371,500.0,0.0
90.06280202112787,500.0,0.0
105.37249727360725,500.0,0.0
123.28467394420659,500.0,0.0
144.24172552410664,500.0,0.0
168.7612475788147,500.0,0.0
197.44882128159367,500.0,0.0
231.0129700083158,500.0,0.0
270.28265839051625,500.0,0.0
316.22776601683796,500.0,0.0
369.9830414406966,500.0,0.0
432.8761281083057,500.0,0.0
506.4603543891704,500.0,0.0
592.5530975545674,500.0,0.0
693.2806692144524,500.0,0.0
811.1308307896873,500.0,0.0
949.0142360424725,500.0,0.0
1110.336318167638,500.0,0.0
1299.0813969063468,500.0,0.0
1519.9110829529332,500.0,0.0
1778.2794100389228,500.0,0.0
2080.5675382171694,500.0,0.0
2434.2413552369194,500.0,0.0
2848.035868435799,500.0,0.0
3332.1709412448167,500.0,0.0
3898.603702549072,500.0,0.0
4561.323862890211,500.0,0.0
5336.699231206308,500.0,0.0
6243.879965653626,500.0,0.0
7305.271542664449,500.0,0.0
8547.08812559251,500.0,0.0
10000.0,500.0,0.0
