missione,metrica,range_nodo_nmi,speed_nodo_kt,propulsore,vincitore_modale,frequenza_vincitore,sost_mediana,sost_lo,sost_hi,kero_mediana,kero_lo,kero_hi,p_sost_meglio,campioni_validi
"10 nmi, 200 kt (propeller)",co2,10.0,196.4102564102564,propeller,Battery-electric (propeller),0.9853333333333333,194.76637268066406,141.1822296142578,469.3554031372067,254.370849609375,233.5716323852539,277.73368682861326,0.7713333333333333,1500
"10 nmi, 200 kt (propeller)",primaria,10.0,196.4102564102564,propeller,Battery-electric (propeller),0.9853333333333333,3.0257277488708496,2.196269154548645,7.4655460596084575,3.492717742919922,3.1786773920059206,3.8560502409934996,0.658,1500
"50 nmi, 250 kt (propeller)",co2,48.06380863064389,253.84615384615384,propeller,Hydrogen fuel cell (propeller),0.434,830.0652465820312,397.33552703857424,960.5041015625,190.96206665039062,178.62437591552734,204.88866806030273,0.0,1500
"50 nmi, 250 kt (propeller)",primaria,48.06380863064389,253.84615384615384,propeller,Hydrogen fuel cell (propeller),0.434,12.90428352355957,6.135722661018372,14.947653150558471,2.6215970516204834,2.433660101890564,2.834587061405182,0.0,1500
"300 nmi, 250 kt (propeller)",co2,316.22776601683796,253.84615384615384,propeller,Hydrogen combustion (propeller),0.5506666666666666,612.1612548828125,488.05248870849607,690.9512725830078,136.8584442138672,127.7320125579834,147.22835464477538,0.0,1500
"300 nmi, 250 kt (propeller)",primaria,316.22776601683796,253.84615384615384,propeller,Hydrogen combustion (propeller),0.5506666666666666,9.554107666015625,7.609164047241211,10.743215227127074,1.877946376800537,1.7398246467113494,2.038132095336914,0.0,1500
"1500 nmi, 250 kt (propeller)",co2,1519.9110829529332,253.84615384615384,propeller,Hydrogen combustion (propeller),0.762,511.0504150390625,427.3469955444336,576.0582733154297,114.0919189453125,105.39524383544922,124.03794975280762,0.0,1500
"1500 nmi, 250 kt (propeller)",primaria,1519.9110829529332,253.84615384615384,propeller,Hydrogen combustion (propeller),0.762,7.952366828918457,6.711979627609253,8.960857152938843,1.567413568496704,1.43655104637146,1.723607313632965,0.0,1500
"100 nmi, 450 kt (fan)",co2,105.37249727360725,450.7692307692307,fan,Hydrogen combustion (fan),1.0,611.3873291015625,539.9666351318359,691.8502502441406,135.52645874023438,124.22747497558593,147.4051597595215,0.0,1500
"100 nmi, 450 kt (fan)",primaria,105.37249727360725,450.7692307692307,fan,Hydrogen combustion (fan),1.0,9.52940559387207,8.394397068023682,10.801878309249878,1.8611432313919067,1.6946242928504944,2.036175012588501,0.0,1500
"1500 nmi, 450 kt (fan)",co2,1519.9110829529332,450.7692307692307,fan,Hydrogen combustion (fan),1.0,343.09295654296875,308.57628173828124,379.70581207275393,76.21208190917969,70.92134323120118,81.28481903076171,0.0,1500
"1500 nmi, 450 kt (fan)",primaria,1519.9110829529332,450.7692307692307,fan,Hydrogen combustion (fan),1.0,5.35554838180542,4.826373219490051,5.915235590934754,1.0452944040298462,0.9677151888608932,1.1284058570861817,0.0,1500
"6000 nmi, 450 kt (fan)",co2,6243.879965653626,450.7692307692307,fan,Hydrogen combustion (fan),1.0,350.7353515625,306.0540710449219,416.5061416625976,79.79783630371094,72.07366828918457,90.69634971618652,0.0,1500
"6000 nmi, 450 kt (fan)",primaria,6243.879965653626,450.7692307692307,fan,Hydrogen combustion (fan),1.0,5.4582905769348145,4.781729507446289,6.488309717178344,1.0969816446304321,0.9889261245727539,1.250009286403656,0.0,1500
"10000 nmi, 450 kt (fan)",co2,10000.0,450.7692307692307,fan,Hydrogen combustion (fan),1.0,392.0613708496094,314.4718734741211,563.6574310302734,87.94048309326172,72.16551399230957,123.10955963134765,0.0,1500
"10000 nmi, 450 kt (fan)",primaria,10000.0,450.7692307692307,fan,Hydrogen combustion (fan),1.0,6.097983360290527,4.920701265335083,8.760540390014649,1.2106735706329346,0.9953248351812363,1.6881985127925871,0.0,1500
