sample_idx,cost,theta_pax_weight_kg,theta_fan_pressure_ratio,theta_fan_scaling_mach_ref,theta_propeller_curve_peak_mach,theta_propeller_curve_rise_rate,theta_propeller_curve_decay_width
8840,2.0209884366068507,75.40263074266014,1.3042541388685984,0.7810812792675248,0.4910240734202729,7.435319857917413,0.0251555001322326
6399,2.052992767926251,75.30823542152436,1.3308011711237837,0.7894351562275294,0.5462842417459053,6.844043117543101,0.0727585567458188
7520,2.0897089047017605,75.65547398464467,1.3234237994659166,0.7927516973013743,0.4663413727500158,7.956511181904258,0.0485771878572564
2301,2.091411387183606,75.30344551511062,1.3000653844852736,0.8103818180780357,0.568338524792074,7.367536927595431,0.0520464520349341
4811,2.091630843343646,75.89612442203033,1.3217808947297978,0.7858017905263356,0.5963275869456452,8.29053116473103,0.0217073269697234
5347,2.0929365839406944,77.33928113451252,1.3114570894032131,0.7851019129704446,0.5988727903789768,7.836256460068876,0.0393825159540454
8168,2.094932011779292,76.11476021075599,1.3881574659393263,0.7854009938271996,0.5761768729215487,7.408014202936669,0.0445919418352766
7442,2.107096168259712,75.07327325977633,1.325664125266529,0.8007550604198794,0.4998329017837962,7.894911980623817,0.0407057250185584
6921,2.11793322572742,76.47098219174866,1.375888559224226,0.790298136540998,0.4632153258275786,7.478875365547102,0.0773267682500436
7868,2.123132048559572,76.56495405429776,1.3058942260509157,0.7837606691114763,0.5073292612683262,9.020837239194162,0.0563594253694949
361,2.1306959313312195,77.24911229177408,1.308322564593711,0.798804183470554,0.5726030887010418,8.011033976068425,0.0626980003929515
2903,2.1371602337968647,77.21030941797876,1.3003753473683015,0.8008308617392698,0.5944707338087998,8.253901042737741,0.0774473850013129
3547,2.1387454345890657,75.0981749740178,1.41800244639414,0.7883052533451218,0.5546882276512344,8.048191457924942,0.0655236975927522
2563,2.139549103938271,75.62510658446557,1.324010780200033,0.8044235470012265,0.5283585514878589,6.5567488415512445,0.0491800557520936
6780,2.1402519350371154,77.48689575766855,1.3963130957311531,0.7809830275650785,0.4936656033885532,8.173527175983338,0.0257901379520559
1069,2.142575670825948,75.5429493393454,1.4367490755233192,0.7913402762173376,0.594522892291474,7.482420653954703,0.044306172656485
7019,2.146059940344122,75.70244680030032,1.4550145003522426,0.7845185815769101,0.5916918290205201,6.659990890440508,0.0657250644202974
8794,2.156248113353171,76.4312680201096,1.3974830909017748,0.7928050755391794,0.5039140098670949,7.923573977662077,0.0213799805714315
8718,2.156718487488805,75.3173014017236,1.5098731435711543,0.7852346313184214,0.5464653268349252,6.7889149150829695,0.0240719604501122
5064,2.157309906085886,77.82747213505746,1.3369073300522087,0.7948298117928054,0.5061946581678938,7.635915888697211,0.0640373373595698
8058,2.159910335512775,75.13367788260146,1.3433592891359594,0.8051183216710357,0.5211454126349384,6.40110502799921,0.0764163560741931
5414,2.160939586280767,76.85727749649759,1.3106632577969624,0.7914168180994684,0.4918559191316313,9.309608812551517,0.0633159044633138
654,2.161925186007585,77.65917278950468,1.3186214675224115,0.797869669072196,0.525813984384699,7.164501739268172,0.0495244186901991
3848,2.168673005184461,75.48451805522852,1.3139886557053684,0.8039643065193176,0.5314055880521946,8.755266269366018,0.0580390577161729
6167,2.176007678359152,77.93778577625753,1.3302571852407603,0.7910609101666676,0.5019174737070505,9.100292770129988,0.0397849728265704
2538,2.177668507079374,76.39629085261511,1.3492305158387052,0.7892981863071942,0.5946761030084227,9.28250894239526,0.0695195579268554
5654,2.180452098768196,77.3278466897729,1.3715110229561709,0.7934478615144978,0.5009646837484312,7.026876837743887,0.0552691681092973
7184,2.1811113298336533,78.42428905758618,1.4015424546941937,0.7803913054512055,0.5503142880130316,8.677097606051689,0.0519764002065659
8395,2.182674715865899,78.19503570047246,1.329742813429649,0.7971588583838416,0.503200401539983,7.439977462318412,0.0388609042478558
4196,2.183411183379283,77.27038429882242,1.3160611290407782,0.7940224690966746,0.5723422704598276,9.50779330843806,0.0230509152393455
7535,2.18394119034668,75.81274864932145,1.4265738367597454,0.7872605518193998,0.5817479778105693,6.438099875877495,0.0215117475097551
9793,2.186227410174864,78.71401733606336,1.3268995909112573,0.7941655814062385,0.5444378534031435,7.759825095310437,0.0608681723770527
9618,2.1863262377428456,79.57978298917936,1.326848633318795,0.7834367157400777,0.577207111806135,8.547797533479365,0.0694354621947226
7017,2.1865178824935008,75.38623926190307,1.301428711131251,0.8154590143137669,0.5766508323319373,8.614334581977655,0.0522894646049383
4300,2.187296880967014,75.01211763517162,1.3208091987557566,0.8278091973230448,0.5039774470369124,6.764358947880039,0.070013863083351
2639,2.187882830424982,78.40550159089041,1.300310728421553,0.793388491060396,0.5518083507418031,9.637007215746172,0.0737561709005901
2042,2.1883500411922125,76.9870546906332,1.3633134346935754,0.7983160407311203,0.5832828985892747,8.490501481356691,0.0744641448563539
8550,2.188929730720627,75.89282580072091,1.394231930028068,0.7845745373142405,0.4619764077215559,9.259377684845196,0.0634330732158177
7411,2.1890045830731726,77.58610309751826,1.418551771086374,0.7856001768397526,0.5149546565902084,8.557752916887738,0.020639344128509
6731,2.189094884839034,76.99530842938027,1.3009349267834571,0.7852910579739512,0.4675847734653394,10.47238040596434,0.0572341132859441
7415,2.19168310145846,76.6353747676734,1.316764863664988,0.8025241480515828,0.5724335610558323,9.160655288013952,0.0202277393703
5409,2.191922752320292,77.40547681670714,1.4467558106982783,0.7856951960059283,0.4637542521652489,8.18819627291192,0.063354186174118
5043,2.194107960055102,77.34170621536971,1.4612608212975906,0.7863633772803411,0.5692134405244254,7.681867707472032,0.0691362713830996
2020,2.196925708302898,76.52885337400646,1.302197251482221,0.7964858689559833,0.4774009006143808,9.889864257315612,0.0529445934297263
7422,2.197480387017923,76.39815540206305,1.4439704132082287,0.7918112353155418,0.5246903857349299,6.832966876450827,0.0504877492712763
1566,2.197763108037172,79.43538440375107,1.3503367816852023,0.7826844169012767,0.5151753375148871,7.8787688495756125,0.0202570199433206
1871,2.198927974029947,76.60939725363284,1.308020006908323,0.8243611030614051,0.5707359284198895,7.432634913283602,0.0665537219203903
2120,2.200096414105742,78.20248420963857,1.3804830430651989,0.7842086708177208,0.4656322827925065,7.055243206686771,0.041015166645974
6873,2.2019300400792767,76.25665967632133,1.3199785313128187,0.7802114946395847,0.5213645171820797,6.202811978783275,0.0674986025351635
5727,2.203677827234118,75.96977643282061,1.359008572852454,0.7844184725481215,0.4544121343872031,6.221795662902014,0.0564759609140471
1597,2.2045366918593507,75.20850694605188,1.3787277792534445,0.8126111557940959,0.5586658904566524,7.604436556906,0.0265557505817145
8410,2.2055618927940346,77.54166335622106,1.4739641179594751,0.7839625641617928,0.5023375160256909,7.274201214669503,0.0241408977659065
7117,2.206221720399097,78.23021130579727,1.361091032439076,0.7858216731828193,0.5853329012359907,9.74564586465402,0.0675055976287675
5701,2.2073778447170955,79.04584080877652,1.3006086587560244,0.8015215674838034,0.4682436586915314,8.845940648641237,0.0429247496359763
8635,2.2078672251475524,76.20518489617365,1.4732609995086754,0.7834117287275887,0.581647942862479,8.830523423961838,0.0498073263743163
2457,2.207961371286597,77.16625388244474,1.3683153954453493,0.7863218621171079,0.5969456272116707,9.860806939385954,0.0763385897772913
4087,2.208205481355152,77.26074648014627,1.3067454389928967,0.8204023561442176,0.49955973662718,7.90051065322352,0.0561250559246525
9415,2.209262976572361,77.80787437359325,1.442026578280567,0.7880256746500851,0.4922753338817506,7.948046707571802,0.0311162315480393
7849,2.2095533940203147,79.46556396435726,1.3797956432515923,0.782119800433445,0.4640641429528589,8.207607771816324,0.0771357307180873
8534,2.2106248521277143,78.39016985144784,1.3582898308618454,0.7919112428887952,0.486115868389357,7.221971902266711,0.0324763636816783
7401,2.210815497972344,75.92854319797215,1.490729663535886,0.7922631987907107,0.5836533587242198,7.638452659374387,0.0411395536386931
8071,2.210933387815195,77.2667755139686,1.372728858171942,0.7811195214014689,0.4720923228047384,10.333782785855227,0.0379900470535226
1805,2.213491349293169,79.00707097126504,1.3318295194199532,0.7808960265471658,0.4578596975190381,10.856093006229113,0.0439813009282657
9449,2.213662677572217,77.05010562301693,1.3599292363106106,0.7820484502799994,0.5181837697665335,10.506879292407046,0.0634880007896628
6789,2.2141334836736237,78.15864833505243,1.399992070692725,0.7899610551344902,0.4796298912352953,8.660246881125705,0.066238570417373
7080,2.214150908427994,76.88579841890929,1.4869966972061095,0.7869591422545675,0.5591852876479666,8.141041813491654,0.0749684022470934
1322,2.216077437516802,79.58252518350884,1.3416352841872916,0.782769755371658,0.4730602789145096,9.953329552073138,0.0280575363215866
1533,2.2173969566246905,78.28076333533966,1.3629043627098778,0.7878254552089412,0.5622704942073113,6.974168071510295,0.041126611793912
9797,2.2175119048663827,78.30494484797624,1.3224121670727462,0.7845590029694585,0.4582975124983037,11.082564408005553,0.0416222827497421
7878,2.218896760654605,76.00951265056692,1.3575775220394193,0.8164644714164764,0.5699390731321208,7.665258347619551,0.0509210398842064
2512,2.2190850575460974,79.6727536973986,1.3329701063990236,0.7889094070277428,0.4797005669364932,9.21421628261919,0.0779285903516494
300,2.2208993795391256,77.37281259876342,1.3290110371586377,0.8105548714400264,0.5183185740937121,8.632377066495959,0.0453254873580383
7503,2.2210092974636293,77.23292303161007,1.382863624704645,0.7957292843928089,0.4805731118538818,8.998320543920883,0.0238085931092337
5839,2.222188332697179,78.03816005534125,1.3186612166605012,0.8060464333769315,0.5529343218089239,7.072319059393413,0.0241159312177874
9377,2.2228429299898065,76.93395378385146,1.398699483893089,0.7874734901066162,0.4862246410766966,6.531816235318458,0.0403216879337437
7367,2.223738403074882,77.655011942792,1.436434627845212,0.7871594078214755,0.5396337135517976,8.889986987318915,0.0643720440825693
1427,2.2238432853069163,77.29863456935784,1.45469158915354,0.7889201990136212,0.5492029080264057,8.47276737875162,0.0698264029971433
8432,2.225085850223592,77.28377660979562,1.3033756522876263,0.7970431874428364,0.5526537758893146,10.599073095769784,0.0742524388753848
7171,2.225119565144814,76.33883236996546,1.3882517185195318,0.805191137416917,0.571353592248631,8.22058833782761,0.0706185075040486
8106,2.226037128153957,78.22643251797827,1.461951837456143,0.7849748933609504,0.5923817064936036,7.634826970176304,0.0284622927908229
9195,2.226486055667856,80.11490021141442,1.3725295891256262,0.7801241076754093,0.5603493371548923,8.709677861105765,0.0478375989684782
6326,2.2271317458702526,75.07050031335552,1.362866844591734,0.8066692298109293,0.5811629903298992,8.719002673921134,0.0670254368940515
2916,2.2280760383591933,75.43745833673107,1.377460145987676,0.811397406114973,0.5630361465030861,8.091753191362665,0.0403725389433604
7589,2.2302862960819483,75.24468891108027,1.3412556914311593,0.801315004739825,0.5552051922204606,9.436071661798527,0.0293449958958808
3835,2.233273561402976,79.36063383588488,1.3541013970722775,0.7915596744507303,0.5629998699821522,7.746121626109444,0.0586828656116193
2718,2.2344557724863634,78.5705225054214,1.3680512217757783,0.7932784228031449,0.5048122635575273,9.338685359733208,0.038901843805136
2394,2.235045420029637,79.72867797032015,1.3455074776185925,0.7808807814954241,0.5027361521709636,7.399725499525772,0.045176603441642
568,2.2351265072849698,77.18025383102356,1.4940701215694303,0.7818448802804183,0.5856191565791631,6.742948966490825,0.0650197194828152
8177,2.23609665307531,77.76346595476356,1.3740028938364237,0.7891853299483969,0.5611842135724758,10.135618015719986,0.0571436257865704
1014,2.236788487185297,76.01964635186181,1.36901450588296,0.806242185665921,0.5805571900717941,6.462153461294193,0.0286463818712213
7524,2.237495696032026,77.33204004473549,1.4505281985701752,0.7900926798859705,0.5031342036398655,6.935003897390496,0.0733143447824721
4042,2.238917683915199,79.16763580316236,1.3227574817549084,0.7856459630521603,0.5366926353399959,11.630186145685784,0.0676437372209187
9627,2.2392949341785107,79.62865070111943,1.3327703679940537,0.7879504988247561,0.564931701084935,7.442019330590211,0.0582444071779609
4051,2.239791857593546,76.45188787442817,1.358871788238212,0.8099405372796804,0.5698713276447961,8.636161279085803,0.0560854670819505
7298,2.2400899838972665,75.73759042494606,1.308214681902865,0.8050065844443266,0.4985831944577816,10.007766915943671,0.0203388347039553
9466,2.240135721773145,76.54920957248191,1.401626293141908,0.8022011003941927,0.4734782516574705,8.490255677542471,0.0567193993220648
4373,2.2406000637526624,76.89489752243779,1.419559477659116,0.7951967347916579,0.4510334270097335,6.716104675135754,0.021490557361206
2624,2.2415160300193757,79.09911611419395,1.3831629369260634,0.785803735007299,0.452988510438781,9.9083742398562,0.0761447297108401
4366,2.244679731542183,75.24727617694808,1.4217678480915452,0.8006434908186721,0.5232889192928174,8.543763322930703,0.0313069052461006
4350,2.2447846091071098,78.85616500856406,1.3287223539595732,0.7929770090106665,0.4553122869527399,10.733168417738431,0.0697668699733663
5716,2.245686004371609,78.38095321299149,1.3239809461505136,0.7894535280900914,0.4931345306379079,11.649416937927192,0.0681091551674569
7905,2.2472055427789863,79.77906468821489,1.381260766056151,0.7814090528125773,0.5370644718492046,10.294244760554545,0.0422687522747697
3388,2.247321952084321,76.09175392493971,1.3942945947283552,0.8032312908146161,0.5952023855919869,8.749255025442986,0.0377861143174603
7128,2.2474461498517124,79.587280837101,1.3441331811756128,0.7878497271582251,0.5141290939419441,10.564984732010458,0.0553846075734327
9584,2.248024095999692,79.80934048611446,1.3034429612560088,0.8045699922042401,0.5680361975192761,8.459506063926469,0.043686929404803
2594,2.250065625745539,79.63481187711112,1.3283886779520977,0.794309368675884,0.4624684089136687,10.079479420069562,0.0342438374889527
5501,2.251897875369079,77.54710952084992,1.379149229948882,0.7800215482200865,0.5403976005559418,11.794141905454651,0.0629848434472796
1642,2.252730210964551,76.06257406648089,1.518662484261917,0.7873459889978669,0.5198763863436557,8.621907892790245,0.0327102202971714
9624,2.2527481321652063,77.11509050838745,1.3351061484471614,0.7898296161459126,0.5814160531009565,11.469881401810946,0.0301198732859598
851,2.2538507715855607,78.8605472942977,1.3589128060682694,0.7932253778483213,0.4939882053424435,10.085737771405377,0.0624942592056674
4194,2.253924079708124,77.4084997723626,1.374769788020859,0.8052641644868721,0.5796748477381215,6.953291601267404,0.0490813157156572
5221,2.2548672162724213,76.6768107970598,1.5389736518942818,0.7894813080242858,0.4751675115699977,7.534674374882496,0.0458302910778011
8770,2.25558524953403,75.82872954872317,1.3656465765389432,0.800256557056017,0.5409147920587059,6.226666801209973,0.0496708905128413
4166,2.255904118940971,78.3168280794774,1.3683686459577613,0.7804828286299469,0.4917803502819624,12.319265682925751,0.0326066569871133
9185,2.25686365026445,78.12826354714335,1.315698136432935,0.7831824805671878,0.4778560187115213,14.140165096993572,0.0352643530897498
256,2.257632271940932,76.84408855851837,1.329077133621192,0.7876776789543398,0.5128515759583674,11.977769767170656,0.0451082243328405
2599,2.257853597346566,78.27811565748054,1.3401478153869222,0.7805963358420059,0.5895733192379802,13.63921766200492,0.0230850249158018
2498,2.2583208016777805,80.34888050197412,1.338753171856884,0.7908381452190721,0.5794030365385305,9.44405667919063,0.0647963014963852
9332,2.258923469090204,78.97905273915077,1.3076246644698817,0.7990731488511537,0.5724808218373132,11.15427199479624,0.0743613567669015
5245,2.258958994459029,77.00135906680927,1.3247925183106166,0.8080699582861957,0.5632584665757702,9.952230266307604,0.0562011221052465
7450,2.258961280076657,78.2458694444116,1.3365010522004936,0.7904460816181134,0.5566288642375978,11.737644381314114,0.0391574587316998
1059,2.259153006372894,79.04378332047278,1.309203545401343,0.7814266084672916,0.5317147567396179,16.73004508510982,0.0416695626060613
8359,2.2593795210047127,76.5252489005685,1.4004955504661776,0.7815907810278199,0.5792613771044327,11.109992106543864,0.0378715428242345
3590,2.2594515307714067,78.3310472615458,1.3178753877177882,0.7885430917784237,0.535987526146677,12.91834592498829,0.065603198519559
7198,2.259531325733782,77.3858421783397,1.5172146552370496,0.7805228536756461,0.5218058847355613,9.44689190264364,0.0763164382645494
8905,2.260311783986044,80.46847281353864,1.3261342101938016,0.7935622628191922,0.4920533500865349,8.667490707930547,0.0751071950639909
9065,2.260830838097326,80.37109485059973,1.3288669162403803,0.7927543279585144,0.5847196077539824,8.220326472615387,0.0377760894489891
7620,2.2622102345939417,75.25648319840278,1.444764467999031,0.7857836440095837,0.5405421494744391,6.077210101862889,0.032112044152488
2540,2.2626786798535656,78.0932076228407,1.3197719764616174,0.7840119676797115,0.5861702924621035,14.275650804384066,0.0454379845447292
5766,2.2632540487224238,75.44482497471151,1.3856844605270364,0.780718192625015,0.5849186579058858,11.009288457685011,0.0589157482693514
551,2.2636714631497896,76.77084275663569,1.3283159953718937,0.8206804659309367,0.5113648537976357,8.730824734205447,0.0642804912391774
4363,2.2650204699612986,75.51814198615725,1.331276445382395,0.8282558369569698,0.4956294706391518,6.505218818404865,0.0602063682458654
3239,2.2653952542740323,79.57094770296234,1.3625510591806964,0.793496470889417,0.5155882369818973,9.663219492133091,0.0251232006934244
8588,2.2663721449914664,79.12449935307612,1.310294060764036,0.7968368955515935,0.5452043986675648,7.006245387508274,0.0444781664583042
9256,2.2667434167910425,79.20300926635613,1.323808038669628,0.8102933015859548,0.4801271045650336,8.242440542452101,0.0459766044729834
236,2.268121067381897,80.50241154195565,1.3008763180421663,0.7812484531707107,0.5491894720190577,19.57161966187003,0.0255790527074256
9819,2.268260327005876,76.05136083449354,1.3572212132253911,0.7992360225353751,0.5016557277644229,6.207221411925639,0.0323020737072448
1411,2.2686052976187745,80.4457766903698,1.3596072919701734,0.7864888447983099,0.5734682886047706,10.053283029497068,0.0503569321032167
3131,2.2686514697639835,76.57056699948079,1.4557089704553137,0.7863191284699637,0.5713867579152524,9.901068599782588,0.038444259551188
3942,2.269233852613803,77.16512884682314,1.3201060599178696,0.7968309017066351,0.5516930574833713,6.3524005643507,0.0541498347922847
9373,2.270020464550345,78.91329131913234,1.342504605619235,0.7806539915917705,0.5987675776140022,15.265206695043895,0.0319525537270383
2505,2.27034759404755,78.43993260164102,1.403158139082341,0.7838055559787973,0.5164565942003561,11.2827070262379,0.0784483271356115
4253,2.270378825513365,79.31366861665745,1.3056067158857148,0.7906060295431688,0.4997946735806494,13.969816709414452,0.0231918490646449
7669,2.2716028103556285,79.84648486910982,1.3061234572286269,0.8074195459702785,0.5243058134149448,9.377644301075833,0.0681293606158782
1283,2.2724288297548147,79.22978612580819,1.3205358775841185,0.7832927467408318,0.5531347009269416,17.471422733332982,0.0204064862785777
2381,2.272637436744548,79.40899647878514,1.3468079528178851,0.7869570761122453,0.5742740520527385,7.069029339074796,0.0393921069797426
9886,2.27297959947739,75.93548120792408,1.3002404885628622,0.82829952737079,0.4919414814858004,6.347464245292207,0.0716112079617968
4190,2.274516478466044,79.2844823527852,1.3901157574944207,0.7814432028304157,0.460788975588112,12.07816154024012,0.061551006951206
7100,2.2747704437433565,77.65040655125382,1.321713051643831,0.7821431043845742,0.5566957419002188,16.379615944309293,0.0214715725825205
3891,2.274844303021898,78.32568220637896,1.3233719725963549,0.7841173241125566,0.4752452867069141,16.331534395490575,0.0214182962780297
9831,2.2755608773643177,80.26647002253381,1.3126382769874063,0.7861888584494368,0.584208918648839,14.477501703381495,0.0597716372629429
4112,2.2756013269200617,78.68905168690024,1.3177824603896942,0.7841822379752668,0.554105444127418,19.024683673801885,0.0477858998230202
429,2.2758126227629862,77.32870852278064,1.5213414772175455,0.783493450592554,0.4671833033222993,9.309370729873246,0.0475013840017462
413,2.2761188733107467,77.17399477824088,1.4630338319134866,0.7957095712585618,0.454842880997341,8.50687333957738,0.0418805746091293
6378,2.2765423240281883,78.82830217081282,1.3403293637436464,0.7810600510461135,0.4794831163621618,17.253311901176573,0.0399976908609746
5499,2.276642261443124,78.88118922859046,1.4783764747458252,0.7845091135055401,0.5729674997144664,9.073540640153649,0.0410618296696383
7339,2.2767185732079307,81.6246638468825,1.3231508919661974,0.7822693602169152,0.4705769452514386,9.207470002093103,0.0686860394572267
7220,2.277237330180059,80.27867943474882,1.307154507502116,0.7856355721965299,0.5341384745250211,16.522979795560083,0.0299486413309029
2158,2.277260288971668,77.36855506819595,1.4512393021385972,0.7893221331011632,0.5981688474893696,9.711999727065187,0.0660679595698009
1057,2.2779977992963016,76.98502447981028,1.4193929387542472,0.7846902887179713,0.4564168858498312,6.353882532501678,0.0510771622809213
7271,2.278141198358445,76.53069779710859,1.36594403668197,0.8026110979071595,0.5473123349414888,9.947192913359691,0.0387432181169353
6296,2.27815943629628,77.73182888850587,1.3566768071719262,0.7933255545309045,0.456401687806368,11.460953334863635,0.0653332799939541
2978,2.278184514809097,76.6313250941936,1.3899546253009347,0.7976027788112008,0.5024242646610808,9.980076883719963,0.027074313504021
9157,2.2783122582718285,77.60142150961707,1.4135084529269055,0.7901353770531861,0.5881229288576952,10.397417067745682,0.0561655985272847
8317,2.278341475129562,78.23568812584932,1.4874030554047892,0.7899085526277911,0.5598914067723172,8.05870411391109,0.0615694124640595
7425,2.279623670997946,79.37669291788146,1.3963529030037536,0.7899785398111225,0.5656869702755936,10.014934023352057,0.0564032283561885
6311,2.2798390934763795,76.38020438434341,1.3594885781910988,0.8206674752649493,0.5374147261946253,8.152773792907087,0.0743116909347773
8348,2.2799934417843257,78.98910811785531,1.478074482067654,0.7802582843807453,0.5434745664936734,7.214197338587137,0.0262016897665999
4139,2.2800948698813035,79.98793854984311,1.3205003291373174,0.7886232021941832,0.4645799030368413,13.726487216800368,0.07020207270623
7633,2.280175886320144,80.90972319414493,1.3683427109987027,0.7804581507609971,0.5348670034793874,8.106974794893567,0.0625395978469142
8926,2.280223981012175,75.08534271607873,1.536049069954957,0.7818720191249582,0.5294414168280377,9.43099208759183,0.0422261463359334
2611,2.280615420629876,79.88158589336003,1.3045972566203072,0.7887417246615785,0.463476305198953,16.859076541580926,0.0716016420496633
6922,2.2807960177703253,79.95565875255488,1.3483458860298163,0.789472952469785,0.5183318066102816,11.553860650265667,0.0731122329941542
6492,2.2809199145763634,75.64247147795425,1.4874813783694174,0.7999541966253407,0.5528484512868677,7.964255506412364,0.0432790163134491
8889,2.281348532721385,78.34909571714846,1.3294442210368902,0.8110053541374105,0.4831123246994121,9.674283532650806,0.0280177340005668
3679,2.282272219656101,81.3532836015191,1.3083676483442486,0.785455561751049,0.5559572020763194,12.373793990901316,0.0257750803197975
7611,2.282519666449736,80.19469692179368,1.3364985583107578,0.7843213601460065,0.5544324764963545,14.149447822042772,0.0781256312598765
591,2.282691328835857,76.36769132664412,1.327612804323169,0.7803998622795858,0.5238002103874715,14.293491790599218,0.0530516193454932
8131,2.282835017082866,75.15661078590828,1.5407724285252378,0.7960153962516772,0.5252452441685841,6.612603755767129,0.0429438917051268
2251,2.28367431835136,79.51023092781767,1.373827324058102,0.7925772513479789,0.5430204685086615,10.346989700133182,0.0529660302984202
8021,2.283690603575139,78.77933689603827,1.3346090024807074,0.7861148509303907,0.5002339660121337,15.614567385175087,0.0730101961662069
1368,2.2846218838886165,76.90641729138318,1.3075898513388602,0.83501958683287,0.5710109165790624,8.210641881555762,0.0515203397273639
3919,2.286101944974928,78.46193428390356,1.4723978513721443,0.7887082919468231,0.540376030118915,9.028404112179484,0.0656088730417422
519,2.286126469991018,80.20864744488928,1.301901722876474,0.8098003822885221,0.4732142423165967,8.978328345732336,0.0200447251690882
269,2.2866935496784047,76.18653252268966,1.4312971614388006,0.7870627652529774,0.4601647770603462,10.574245054313408,0.0643191790099684
6385,2.2866968701820563,77.70147574255886,1.3078815234802308,0.8085605470801549,0.5800977158788994,11.257722973044237,0.0510141366077887
5768,2.288027205943957,78.03166168003816,1.4234374630532618,0.795761210914557,0.485392844159335,6.986007006381488,0.0486251789811367
2792,2.288426447199461,78.65344041556877,1.4150937138638864,0.7873626379203698,0.5001456855010703,10.890189162981454,0.0677350213978705
594,2.2898851710299217,76.65097781060113,1.4745893162717882,0.7839841146701795,0.5686766990422997,10.40410874609497,0.0401548097943024
5574,2.289916693698655,77.2127217350117,1.5104123374189542,0.7850270152047192,0.4746830154621613,9.601843562108556,0.0444563113962103
6931,2.290587529814172,79.62041961753928,1.4022226173956398,0.7836060631443375,0.573351781026293,11.68708448657874,0.0687393335878945
1915,2.290794422138576,76.72655390173416,1.3324530125723943,0.7977362011798501,0.5848919991300126,11.849293585977438,0.0595072643483494
6818,2.2908589312042027,75.5464117055316,1.357284473297725,0.7907448570687828,0.5674798792231033,11.3593089730246,0.0443610494019496
5623,2.2910727043221035,75.65068418039654,1.352493456681268,0.8234376904169084,0.561819936059923,6.459219426443287,0.0424353672909958
2561,2.29161900615088,77.51613912494044,1.3116751291948647,0.7959459084678924,0.5672406812252988,13.762734153388866,0.0479797209109258
2687,2.291926047857056,78.44821779711701,1.316722530576928,0.8237159153280894,0.5643794410373373,8.320321497553547,0.0450246456597171
3301,2.291957451989497,79.43383765514349,1.3894540286323929,0.7838888308138413,0.5372031639798559,12.547631802805157,0.0213223424453537
7127,2.2921146113555304,78.94342852129596,1.3920645230548063,0.7891935491514916,0.5323926796526236,11.300221234491282,0.0702690153359536
3646,2.292346680664872,78.99503462041373,1.4086934131079945,0.7909502993484497,0.4983270896133792,10.271408085364197,0.0470965418975411
1690,2.2923715209108138,77.13495274040405,1.348665557957526,0.7822208395035067,0.5461686544073685,15.42637173052157,0.0341467197806049
3615,2.292423116098296,77.39008468862234,1.3002650884816314,0.8385372579036056,0.5860516596870142,7.66166866998441,0.0230135816333
3096,2.2939524338231574,79.20267232133396,1.367582276625661,0.7828814102523081,0.5314637894924849,15.50032121322402,0.067808562085539
9364,2.2939585002075367,76.61303365208815,1.305397908753881,0.7883789061785537,0.5266207628555629,15.356708056068657,0.0202459994233368
6784,2.294254422157428,79.47162969231232,1.3282620856317229,0.8094368947466474,0.5643486609242039,7.701190780719384,0.0789242554820434
7860,2.2945113164675064,78.1515163214187,1.313900265043046,0.8217684999672183,0.5669991984073274,9.270046680724809,0.0617229950303537
727,2.2946640445604904,77.86522826191684,1.4197899020611495,0.7910924486520409,0.4556427615464302,10.539313413119125,0.0448520233267518
3227,2.29491236549984,77.59200188782708,1.351173895458593,0.7825433400481312,0.4665870917993976,17.024365451668245,0.0672912340240322
8324,2.2952061414379163,75.40505035732598,1.4171028779630586,0.7803470817193133,0.5231878132540367,11.45672414394576,0.066891893896147
9950,2.295488022494583,80.62206870293417,1.325138887937917,0.7869390045617572,0.5773952102652715,15.3291814482727,0.0766451638059483
7347,2.295518384763528,76.15833582785955,1.3060488790606457,0.8432584191504651,0.4647114118395323,6.911605793819854,0.0610489982509095
8022,2.296098776051444,75.88511586318928,1.368555649507749,0.7802196207961098,0.5366784284511116,12.98865602105226,0.0211385103042292
4674,2.2963741488810854,80.10581595029521,1.384642678589423,0.7927293438803109,0.538559305313004,9.487000502061813,0.0488657175757264
4419,2.2965466735616804,78.13995206293652,1.377756909389959,0.7912397990591595,0.5263384898884766,11.930675952752193,0.0604956988582017
2261,2.2966573879455465,81.30598702889381,1.3324469465598052,0.7869804805334295,0.4628634300358643,11.606250494219315,0.0625726624945031
506,2.296672177289848,78.3991150048451,1.3558526295433206,0.7831987360505969,0.493628071629695,19.35171368347181,0.0766681801632673
4120,2.297148988734806,79.06221091019943,1.3351631473455796,0.7876597484956883,0.550349458894837,19.466543049478084,0.0607695391264343
8917,2.2971782611818425,76.28688713011992,1.4582091231335834,0.8060602674617954,0.5848124495592542,7.173294331539672,0.0743510126073603
9352,2.2974935702892694,78.68056601782182,1.308248913405215,0.7944334157986532,0.5969116905346868,17.83519682637283,0.04574047629586
9020,2.297666677497089,76.79561683930801,1.331438979698051,0.7816752179111068,0.5987949810908353,18.013559649187666,0.0332372531651965
5594,2.29862830728212,79.66859525100841,1.331119839821868,0.7882491150699978,0.5712472776917825,19.10860170408142,0.048007252175015
170,2.299642877028642,77.583822737875,1.3721859199001043,0.7941115072720012,0.5820473718413938,11.690872956493692,0.0639716451930537
2405,2.2996667718142554,80.2605779081107,1.335749876674548,0.793170490365672,0.502307668641988,12.2421251365884,0.0795404371448364
2077,2.299779893077013,75.21545677302447,1.451195347799771,0.8100611442552336,0.464468613476727,6.65182678075274,0.0454098377569561
