punto,sistema,P_fattibile,n_fattibili,P_migliore,media,sd,cv,p5,p50,p95
very_short_low_speed_fan,Battery-electric (fan),0.024666666666666667,37,0.0013333333333333333,14.946450761846593,8.519550205113665,0.5700049022247673,6.277789688110351,13.425607681274414,31.259789657592773
very_short_low_speed_fan,Hydrogen fuel cell (fan),0.9993333333333333,1499,0.0,75.93583442148484,103.85119222350215,1.3676177132270915,19.225157737731934,48.945804595947266,204.307095336914
very_short_low_speed_fan,Hydrogen combustion (fan),1.0,1500,0.9986666666666667,5.604213686625163,0.40366666789740197,0.07202913565925938,4.961984944343567,5.59145450592041,6.3160529136657715
very_short_low_speed_fan,e-SAF combustion (fan),1.0,1500,0.0,8.412769445419311,0.7564871765369695,0.08992130135562802,7.293740725517273,8.333208084106445,9.803711032867431
short_high_speed_fan,Battery-electric (fan),0.0,0,0.0,,,,,,
short_high_speed_fan,Hydrogen fuel cell (fan),0.9926666666666667,1489,0.0,245.79506960677332,294.57445251009347,1.1984554978314177,50.56729736328125,152.9879150390625,731.3833251953122
short_high_speed_fan,Hydrogen combustion (fan),1.0,1500,1.0,4.401379024505615,0.3211317540472546,0.07296162231411682,3.8946298480033876,4.387808799743652,4.944063568115235
short_high_speed_fan,e-SAF combustion (fan),1.0,1500,0.0,6.599210906346639,0.5962113110634111,0.09034584884838559,5.7208699703216555,6.54270339012146,7.674258399009704
medium_fan,Battery-electric (fan),0.0,0,0.0,,,,,,
medium_fan,Hydrogen fuel cell (fan),0.976,1464,0.0,68.62074425246546,63.156568141780895,0.9203713662652641,18.641471576690673,45.873247146606445,190.61519622802714
medium_fan,Hydrogen combustion (fan),1.0,1500,1.0,2.4655516487757363,0.14600203113368448,0.05921678063656928,2.2374810457229612,2.4609081745147705,2.7110784888267516
medium_fan,e-SAF combustion (fan),1.0,1500,0.0,3.709444632371267,0.3141602196253427,0.08469198242878621,3.245862603187561,3.677291989326477,4.25696861743927
long_fan,Battery-electric (fan),0.0,0,0.0,,,,,,
long_fan,Hydrogen fuel cell (fan),0.8526666666666667,1279,0.0,34.67544010712636,20.50170971641001,0.5912458400837016,12.438740825653076,28.609928131103516,79.50868225097655
long_fan,Hydrogen combustion (fan),1.0,1500,1.0,2.540591560840607,0.23178476584854676,0.09123259693575303,2.2121769785881042,2.515239119529724,2.966679608821869
long_fan,e-SAF combustion (fan),1.0,1500,0.0,3.9134341446558634,0.40301129652924067,0.10298149441957209,3.335914397239685,3.8826940059661865,4.631052112579345
very_short_low_speed_propeller,Battery-electric (propeller),0.5513333333333333,827,0.356,8.156201728454091,11.033688205720932,1.3527973648847247,1.826784598827362,4.040151119232178,29.99324207305905
very_short_low_speed_propeller,Hydrogen fuel cell (propeller),1.0,1500,0.5926666666666667,6.029464139779408,0.9496513321843091,0.15750177962233516,4.679120445251465,5.932149887084961,7.796626448631286
very_short_low_speed_propeller,Hydrogen combustion (propeller),1.0,1500,0.051333333333333335,7.386906604766846,0.3969770246151146,0.053740631343428824,6.774145698547363,7.371299743652344,8.084867906570434
very_short_low_speed_propeller,e-SAF combustion (propeller),1.0,1500,0.0,10.746423036575317,0.903166829444532,0.08404348371273072,9.420753669738769,10.634706020355225,12.349159336090088
short_high_speed_propeller,Battery-electric (propeller),0.0,0,0.0,,,,,,
short_high_speed_propeller,Hydrogen fuel cell (propeller),0.9973333333333333,1496,0.148,204.41707184544222,2882.6335546734435,14.101726087011828,5.135295271873474,7.435829162597656,24.04878330230713
short_high_speed_propeller,Hydrogen combustion (propeller),1.0,1500,0.852,10.977280695915223,49.025300753717644,4.466069704490708,5.346831846237182,5.8543009757995605,14.295667743682857
short_high_speed_propeller,e-SAF combustion (propeller),1.0,1500,0.0,17.49258716138204,86.03218236427156,4.918208014089689,7.463548588752746,8.567512035369873,21.78046579360962
medium_propeller,Battery-electric (propeller),0.0,0,0.0,,,,,,
medium_propeller,Hydrogen fuel cell (propeller),1.0,1500,0.24,4.48265551217397,1.054495434017728,0.23523900758243307,3.103519523143768,4.317302703857422,6.388132214546204
medium_propeller,Hydrogen combustion (propeller),1.0,1500,0.76,3.753675794919332,0.23483142022381995,0.06256038961640441,3.3907363414764404,3.742031216621399,4.160628581047058
medium_propeller,e-SAF combustion (propeller),1.0,1500,0.0,5.607656250317891,0.49103862966471823,0.08756575077812265,4.857164454460144,5.560362815856934,6.476299357414246
long_propeller,Battery-electric (propeller),0.0,0,0.0,,,,,,
long_propeller,Hydrogen fuel cell (propeller),0.9953333333333333,1493,0.04466666666666667,10.716803588726659,8.509433427016035,0.7940271888501692,4.786623954772949,8.37301254272461,23.034107589721653
long_propeller,Hydrogen combustion (propeller),1.0,1500,0.9553333333333334,5.411537193775177,0.9697960113049173,0.1792089708669953,4.230016350746155,5.21990704536438,7.218058681488037
long_propeller,e-SAF combustion (propeller),1.0,1500,0.0,8.198311944643656,1.4463860152411558,0.17642485733738736,6.379166388511658,7.9333717823028564,10.882910537719725
