fattore,ST,ST_min,ST_max,disp_lo,disp_hi,ST_lo,ST_hi,n_punti
propeller_curve_peak_mach,0.2700042374981764,0.0,0.7612989494998339,,,,,7985
fuel_cell_specific_power_kW_per_kg,0.21526554109344367,0.0,0.7619401849707209,,,,,7985
others,0.1624369743152298,0.0,0.94059218773236,,,,,7985
propeller_curve_decay_width,0.108940100829912,0.0,0.3551500380327756,,,,,7985
eta_fuel_cell,0.055665713024240414,0.0,0.5396397648651934,,,,,7985
propeller_curve_rise_rate,0.05564134783662448,0.0,0.2599337947377686,,,,,7985
pax_weight_kg,0.043511836350849105,0.0,0.2568293820580315,,,,,7985
fan_scaling_mach_ref,0.03778689314153894,0.0,0.22117798176101963,,,,,7985
eta_motor,0.03173704406712906,0.0,0.1354909260186711,,,,,7985
e_battery_Wh_per_kg,0.0136972900255723,0.0,1.0367412185714426,,,,,7985
e_saf,0.007079567963934583,0.0,0.6657450709302182,,,,,7985
fan_pressure_ratio,0.004421231427570624,0.0,0.188954856343613,,,,,7985
gamma_tank,0.004403483041083451,0.0,0.3456599342001599,,,,,7985
liquid_hydrogen,0.003282847398710013,0.0,0.2205053235289727,,,,,7985
eta_p_fan,0.0026221045743105445,0.0,0.0858676811692358,,,,,7985
eta_p_propeller,0.002230169743610567,0.0,0.2164915052745916,,,,,7985
electricity,1.7914802922154784e-05,0.0,0.0036441480362777,,,,,7985
